data,valor
29/05/2015,0.048967
01/06/2015,0.048967
02/06/2015,0.048967
03/06/2015,0.048967
05/06/2015,0.050753
08/06/2015,0.050753
09/06/2015,0.050753
10/06/2015,0.050753
11/06/2015,0.050753
12/06/2015,0.050753
15/06/2015,0.050753
16/06/2015,0.050753
17/06/2015,0.050753
18/06/2015,0.050753
19/06/2015,0.050753
22/06/2015,0.050753
23/06/2015,0.050753
24/06/2015,0.050753
25/06/2015,0.050753
26/06/2015,0.050753
29/06/2015,0.050753
30/06/2015,0.050753
01/07/2015,0.050753
02/07/2015,0.050753
03/07/2015,0.050753
06/07/2015,0.050753
07/07/2015,0.050753
08/07/2015,0.050753
09/07/2015,0.050753
10/07/2015,0.050753
13/07/2015,0.050753
14/07/2015,0.050753
15/07/2015,0.050753
16/07/2015,0.050753
17/07/2015,0.050753
20/07/2015,0.050753
21/07/2015,0.050753
22/07/2015,0.050753
23/07/2015,0.050753
24/07/2015,0.050753
27/07/2015,0.050753
28/07/2015,0.050753
29/07/2015,0.050753
30/07/2015,0.052461
31/07/2015,0.052461
03/08/2015,0.052461
04/08/2015,0.052461
05/08/2015,0.052461
06/08/2015,0.052461
07/08/2015,0.052461
10/08/2015,0.052461
11/08/2015,0.052461
12/08/2015,0.052461
13/08/2015,0.052461
14/08/2015,0.052461
17/08/2015,0.052461
18/08/2015,0.052461
19/08/2015,0.052461
20/08/2015,0.052461
21/08/2015,0.052461
24/08/2015,0.052461
25/08/2015,0.052461
26/08/2015,0.052461
27/08/2015,0.052461
28/08/2015,0.052461
31/08/2015,0.052461
01/09/2015,0.052461
02/09/2015,0.052461
03/09/2015,0.052461
04/09/2015,0.052461
08/09/2015,0.052461
09/09/2015,0.052461
10/09/2015,0.052461
11/09/2015,0.052461
14/09/2015,0.052461
15/09/2015,0.052461
16/09/2015,0.052461
17/09/2015,0.052461
18/09/2015,0.052461
21/09/2015,0.052461
22/09/2015,0.052461
23/09/2015,0.052461
24/09/2015,0.052461
25/09/2015,0.052461
28/09/2015,0.052461
29/09/2015,0.052461
30/09/2015,0.052461
01/10/2015,0.052461
02/10/2015,0.052461
05/10/2015,0.052461
06/10/2015,0.052461
07/10/2015,0.052461
08/10/2015,0.052461
09/10/2015,0.052461
13/10/2015,0.052461
14/10/2015,0.052461
15/10/2015,0.052461
16/10/2015,0.052461
19/10/2015,0.052461
20/10/2015,0.052461
21/10/2015,0.052461
22/10/2015,0.052496
23/10/2015,0.052496
26/10/2015,0.052496
27/10/2015,0.052496
28/10/2015,0.052496
29/10/2015,0.052496
30/10/2015,0.052496
03/11/2015,0.052496
04/11/2015,0.052496
05/11/2015,0.052496
06/11/2015,0.052496
09/11/2015,0.052496
10/11/2015,0.052496
11/11/2015,0.052496
12/11/2015,0.052496
13/11/2015,0.052496
16/11/2015,0.052496
17/11/2015,0.052496
18/11/2015,0.052496
19/11/2015,0.052496
20/11/2015,0.052496
23/11/2015,0.052496
24/11/2015,0.052496
25/11/2015,0.052496
26/11/2015,0.052496
27/11/2015,0.052496
30/11/2015,0.052496
01/12/2015,0.052496
02/12/2015,0.052496
03/12/2015,0.052496
04/12/2015,0.052496
07/12/2015,0.052496
08/12/2015,0.052496
09/12/2015,0.052496
10/12/2015,0.052496
11/12/2015,0.052496
14/12/2015,0.052496
15/12/2015,0.052496
16/12/2015,0.052496
17/12/2015,0.052496
18/12/2015,0.052496
21/12/2015,0.052496
22/12/2015,0.052496
23/12/2015,0.052496
24/12/2015,0.052496
28/12/2015,0.052496
29/12/2015,0.052496
30/12/2015,0.052496
31/12/2015,0.052496
04/01/2016,0.052496
05/01/2016,0.052496
06/01/2016,0.052496
07/01/2016,0.052496
08/01/2016,0.052496
11/01/2016,0.052496
12/01/2016,0.052496
13/01/2016,0.052496
14/01/2016,0.052496
15/01/2016,0.052496
18/01/2016,0.052496
19/01/2016,0.052496
20/01/2016,0.052496
21/01/2016,0.052461
22/01/2016,0.052461
25/01/2016,0.052461
26/01/2016,0.052461
27/01/2016,0.052461
28/01/2016,0.052461
29/01/2016,0.052461
01/02/2016,0.052461
02/02/2016,0.052461
03/02/2016,0.052461
04/02/2016,0.052461
05/02/2016,0.052461
10/02/2016,0.052461
11/02/2016,0.052461
12/02/2016,0.052461
15/02/2016,0.052461
16/02/2016,0.052461
17/02/2016,0.052461
18/02/2016,0.052461
19/02/2016,0.052461
22/02/2016,0.052461
23/02/2016,0.052461
24/02/2016,0.052461
25/02/2016,0.052461
26/02/2016,0.052461
29/02/2016,0.052461
01/03/2016,0.052461
02/03/2016,0.052461
03/03/2016,0.052461
04/03/2016,0.052461
07/03/2016,0.052461
08/03/2016,0.052461
09/03/2016,0.052461
10/03/2016,0.052461
11/03/2016,0.052461
14/03/2016,0.052461
15/03/2016,0.052461
16/03/2016,0.052461
17/03/2016,0.052461
18/03/2016,0.052461
21/03/2016,0.052461
22/03/2016,0.052461
23/03/2016,0.052461
24/03/2016,0.052461
28/03/2016,0.052461
29/03/2016,0.052461
30/03/2016,0.052461
31/03/2016,0.052461
01/04/2016,0.052461
04/04/2016,0.052461
05/04/2016,0.052461
06/04/2016,0.052461
07/04/2016,0.052461
08/04/2016,0.052461
11/04/2016,0.052461
12/04/2016,0.052461
13/04/2016,0.052461
14/04/2016,0.052461
15/04/2016,0.052461
18/04/2016,0.052461
19/04/2016,0.052461
20/04/2016,0.052461
22/04/2016,0.052461
25/04/2016,0.052461
26/04/2016,0.052461
27/04/2016,0.052461
28/04/2016,0.052461
29/04/2016,0.052461
02/05/2016,0.052461
03/05/2016,0.052461
04/05/2016,0.052461
05/05/2016,0.052461
06/05/2016,0.052461
09/05/2016,0.052461
10/05/2016,0.052461
11/05/2016,0.052461
12/05/2016,0.052461
13/05/2016,0.052461
16/05/2016,0.052461
17/05/2016,0.052461
18/05/2016,0.052461
19/05/2016,0.052461
20/05/2016,0.052461
23/05/2016,0.052461
24/05/2016,0.052461
25/05/2016,0.052461
27/05/2016,0.052461
30/05/2016,0.052461
31/05/2016,0.052461
01/06/2016,0.052461
02/06/2016,0.052461
03/06/2016,0.052461
06/06/2016,0.052461
07/06/2016,0.052461
08/06/2016,0.052461
09/06/2016,0.052461
10/06/2016,0.052461
13/06/2016,0.052461
14/06/2016,0.052461
15/06/2016,0.052461
16/06/2016,0.052461
17/06/2016,0.052461
20/06/2016,0.052461
21/06/2016,0.052461
22/06/2016,0.052461
23/06/2016,0.052461
24/06/2016,0.052461
27/06/2016,0.052461
28/06/2016,0.052461
29/06/2016,0.052461
30/06/2016,0.052461
01/07/2016,0.052461
04/07/2016,0.052461
05/07/2016,0.052461
06/07/2016,0.052461
07/07/2016,0.052461
08/07/2016,0.052461
11/07/2016,0.052461
12/07/2016,0.052461
13/07/2016,0.052461
14/07/2016,0.052461
15/07/2016,0.052461
18/07/2016,0.052461
19/07/2016,0.052461
20/07/2016,0.052461
21/07/2016,0.052461
22/07/2016,0.052461
25/07/2016,0.052461
26/07/2016,0.052461
27/07/2016,0.052461
28/07/2016,0.052461
29/07/2016,0.052461
01/08/2016,0.052461
02/08/2016,0.052461
03/08/2016,0.052461
04/08/2016,0.052461
05/08/2016,0.052461
08/08/2016,0.052461
09/08/2016,0.052461
10/08/2016,0.052461
11/08/2016,0.052461
12/08/2016,0.052461
15/08/2016,0.052461
16/08/2016,0.052461
17/08/2016,0.052461
18/08/2016,0.052461
19/08/2016,0.052461
22/08/2016,0.052461
23/08/2016,0.052461
24/08/2016,0.052461
25/08/2016,0.052461
26/08/2016,0.052461
29/08/2016,0.052461
30/08/2016,0.052461
31/08/2016,0.052461
01/09/2016,0.052461
02/09/2016,0.052461
05/09/2016,0.052461
06/09/2016,0.052461
08/09/2016,0.052461
09/09/2016,0.052461
12/09/2016,0.052461
13/09/2016,0.052461
14/09/2016,0.052461
15/09/2016,0.052461
16/09/2016,0.052461
19/09/2016,0.052461
20/09/2016,0.052461
21/09/2016,0.052461
22/09/2016,0.052461
23/09/2016,0.052461
26/09/2016,0.052461
27/09/2016,0.052461
28/09/2016,0.052461
29/09/2016,0.052461
30/09/2016,0.052461
03/10/2016,0.052461
04/10/2016,0.052461
05/10/2016,0.052461
06/10/2016,0.052461
07/10/2016,0.052461
10/10/2016,0.052461
11/10/2016,0.052461
13/10/2016,0.052461
14/10/2016,0.052461
17/10/2016,0.052461
18/10/2016,0.052461
19/10/2016,0.052461
20/10/2016,0.051591
21/10/2016,0.051591
24/10/2016,0.051591
25/10/2016,0.051591
26/10/2016,0.051591
27/10/2016,0.051591
28/10/2016,0.051591
31/10/2016,0.051591
01/11/2016,0.051591
03/11/2016,0.051591
04/11/2016,0.051591
07/11/2016,0.051591
08/11/2016,0.051591
09/11/2016,0.051591
10/11/2016,0.051591
11/11/2016,0.051591
14/11/2016,0.051591
16/11/2016,0.051591
17/11/2016,0.051591
18/11/2016,0.051591
21/11/2016,0.051591
22/11/2016,0.051591
23/11/2016,0.051591
24/11/2016,0.051591
25/11/2016,0.051591
28/11/2016,0.051591
29/11/2016,0.051591
30/11/2016,0.051591
01/12/2016,0.050718
02/12/2016,0.050718
05/12/2016,0.050718
06/12/2016,0.050718
07/12/2016,0.050718
08/12/2016,0.050718
09/12/2016,0.050718
12/12/2016,0.050718
13/12/2016,0.050718
14/12/2016,0.050718
15/12/2016,0.050718
16/12/2016,0.050718
19/12/2016,0.050718
20/12/2016,0.050718
21/12/2016,0.050718
22/12/2016,0.050718
23/12/2016,0.050718
26/12/2016,0.050718
27/12/2016,0.050718
28/12/2016,0.050718
29/12/2016,0.050718
30/12/2016,0.050718
02/01/2017,0.050718
03/01/2017,0.050718
04/01/2017,0.050718
05/01/2017,0.050718
06/01/2017,0.050718
09/01/2017,0.050718
10/01/2017,0.050718
11/01/2017,0.050718
12/01/2017,0.048089
13/01/2017,0.048089
16/01/2017,0.048089
17/01/2017,0.048089
18/01/2017,0.048089
19/01/2017,0.048089
20/01/2017,0.048089
23/01/2017,0.048089
24/01/2017,0.048089
25/01/2017,0.048089
26/01/2017,0.048089
27/01/2017,0.048089
30/01/2017,0.048089
31/01/2017,0.048089
01/02/2017,0.048089
02/02/2017,0.048089
03/02/2017,0.048089
06/02/2017,0.048089
07/02/2017,0.048089
08/02/2017,0.048089
09/02/2017,0.048089
10/02/2017,0.048089
13/02/2017,0.048089
14/02/2017,0.048089
15/02/2017,0.048089
16/02/2017,0.048089
17/02/2017,0.048089
20/02/2017,0.048089
21/02/2017,0.048089
22/02/2017,0.048089
23/02/2017,0.045442
24/02/2017,0.045442
01/03/2017,0.045442
02/03/2017,0.045442
03/03/2017,0.045442
06/03/2017,0.045442
07/03/2017,0.045442
08/03/2017,0.045442
09/03/2017,0.045442
10/03/2017,0.045442
13/03/2017,0.045442
14/03/2017,0.045442
15/03/2017,0.045442
16/03/2017,0.045442
17/03/2017,0.045442
20/03/2017,0.045442
21/03/2017,0.045442
22/03/2017,0.045442
23/03/2017,0.045442
24/03/2017,0.045442
27/03/2017,0.045442
28/03/2017,0.045442
29/03/2017,0.045442
30/03/2017,0.045442
31/03/2017,0.045442
03/04/2017,0.045442
04/04/2017,0.045442
05/04/2017,0.045442
06/04/2017,0.045442
07/04/2017,0.045442
10/04/2017,0.045442
11/04/2017,0.045442
12/04/2017,0.045442
13/04/2017,0.041886
17/04/2017,0.041886
18/04/2017,0.041886
19/04/2017,0.041886
20/04/2017,0.041886
24/04/2017,0.041886
25/04/2017,0.041886
26/04/2017,0.041886
27/04/2017,0.041886
28/04/2017,0.041886
02/05/2017,0.041886
03/05/2017,0.041886
04/05/2017,0.041886
05/05/2017,0.041886
08/05/2017,0.041886
09/05/2017,0.041886
10/05/2017,0.041886
11/05/2017,0.041886
12/05/2017,0.041886
15/05/2017,0.041886
16/05/2017,0.041886
17/05/2017,0.041886
18/05/2017,0.041886
19/05/2017,0.041886
22/05/2017,0.041886
23/05/2017,0.041886
24/05/2017,0.041886
25/05/2017,0.041886
26/05/2017,0.041886
29/05/2017,0.041886
30/05/2017,0.041886
31/05/2017,0.041886
01/06/2017,0.038334
02/06/2017,0.038334
05/06/2017,0.038334
06/06/2017,0.038334
07/06/2017,0.038334
08/06/2017,0.038334
09/06/2017,0.038334
12/06/2017,0.038334
13/06/2017,0.038334
14/06/2017,0.038334
16/06/2017,0.038334
19/06/2017,0.038334
20/06/2017,0.038334
21/06/2017,0.038334
22/06/2017,0.038334
23/06/2017,0.038334
26/06/2017,0.038334
27/06/2017,0.038334
28/06/2017,0.038334
29/06/2017,0.038334
30/06/2017,0.038334
03/07/2017,0.038334
04/07/2017,0.038334
05/07/2017,0.038334
06/07/2017,0.038334
07/07/2017,0.038334
10/07/2017,0.038334
11/07/2017,0.038334
12/07/2017,0.038334
13/07/2017,0.038334
14/07/2017,0.038334
17/07/2017,0.038334
18/07/2017,0.038334
19/07/2017,0.038334
20/07/2017,0.038334
21/07/2017,0.038334
24/07/2017,0.038334
25/07/2017,0.038334
26/07/2017,0.038334
27/07/2017,0.034713
28/07/2017,0.034713
31/07/2017,0.034713
01/08/2017,0.034713
02/08/2017,0.034713
03/08/2017,0.034713
04/08/2017,0.034713
07/08/2017,0.034713
08/08/2017,0.034713
09/08/2017,0.034713
10/08/2017,0.034713
11/08/2017,0.034713
14/08/2017,0.034713
15/08/2017,0.034713
16/08/2017,0.034713
17/08/2017,0.034713
18/08/2017,0.034713
21/08/2017,0.034713
22/08/2017,0.034713
23/08/2017,0.034713
24/08/2017,0.034713
25/08/2017,0.034713
28/08/2017,0.034713
29/08/2017,0.034713
30/08/2017,0.034713
31/08/2017,0.034713
01/09/2017,0.034713
04/09/2017,0.034713
05/09/2017,0.034713
06/09/2017,0.034713
08/09/2017,0.031059
11/09/2017,0.031059
12/09/2017,0.031059
13/09/2017,0.031059
14/09/2017,0.031059
15/09/2017,0.031059
18/09/2017,0.031059
19/09/2017,0.031059
20/09/2017,0.031059
21/09/2017,0.031059
22/09/2017,0.031059
25/09/2017,0.031059
26/09/2017,0.031059
27/09/2017,0.031059
28/09/2017,0.031059
29/09/2017,0.031059
02/10/2017,0.031059
03/10/2017,0.031059
04/10/2017,0.031059
05/10/2017,0.031059
06/10/2017,0.031059
09/10/2017,0.031059
10/10/2017,0.031059
11/10/2017,0.031059
13/10/2017,0.031059
16/10/2017,0.031059
17/10/2017,0.031059
18/10/2017,0.031059
19/10/2017,0.031059
20/10/2017,0.031059
23/10/2017,0.031059
24/10/2017,0.031059
25/10/2017,0.031059
26/10/2017,0.028296
27/10/2017,0.028296
30/10/2017,0.028296
31/10/2017,0.028296
01/11/2017,0.028296
03/11/2017,0.028296
06/11/2017,0.028296
07/11/2017,0.028296
08/11/2017,0.028296
09/11/2017,0.028296
10/11/2017,0.028296
13/11/2017,0.028296
14/11/2017,0.028296
16/11/2017,0.028296
17/11/2017,0.028296
20/11/2017,0.028296
21/11/2017,0.028296
22/11/2017,0.028296
23/11/2017,0.028296
24/11/2017,0.028296
27/11/2017,0.028296
28/11/2017,0.028296
29/11/2017,0.028296
30/11/2017,0.028296
01/12/2017,0.028296
04/12/2017,0.028296
05/12/2017,0.028296
06/12/2017,0.028296
07/12/2017,0.026444
08/12/2017,0.026444
11/12/2017,0.026444
12/12/2017,0.026444
13/12/2017,0.026444
14/12/2017,0.026444
15/12/2017,0.026444
18/12/2017,0.026444
19/12/2017,0.026444
20/12/2017,0.026444
21/12/2017,0.026444
22/12/2017,0.026444
26/12/2017,0.026444
27/12/2017,0.026444
28/12/2017,0.026444
29/12/2017,0.026444
02/01/2018,0.026444
03/01/2018,0.026444
04/01/2018,0.026444
05/01/2018,0.026444
08/01/2018,0.026444
09/01/2018,0.026444
10/01/2018,0.026444
11/01/2018,0.026444
12/01/2018,0.026444
15/01/2018,0.026444
16/01/2018,0.026444
17/01/2018,0.026444
18/01/2018,0.026444
19/01/2018,0.026444
22/01/2018,0.026444
23/01/2018,0.026444
24/01/2018,0.026444
25/01/2018,0.026444
26/01/2018,0.026444
29/01/2018,0.026444
30/01/2018,0.026444
31/01/2018,0.026444
01/02/2018,0.026444
02/02/2018,0.026444
05/02/2018,0.026444
06/02/2018,0.026444
07/02/2018,0.026444
08/02/2018,0.025515
09/02/2018,0.025515
14/02/2018,0.025515
15/02/2018,0.025515
16/02/2018,0.025515
19/02/2018,0.025515
20/02/2018,0.025515
21/02/2018,0.025515
22/02/2018,0.025515
23/02/2018,0.025515
26/02/2018,0.025515
27/02/2018,0.025515
28/02/2018,0.025515
01/03/2018,0.025515
02/03/2018,0.025515
05/03/2018,0.025515
06/03/2018,0.025515
07/03/2018,0.025515
08/03/2018,0.025515
09/03/2018,0.025515
12/03/2018,0.025515
13/03/2018,0.025515
14/03/2018,0.025515
15/03/2018,0.025515
16/03/2018,0.025515
19/03/2018,0.025515
20/03/2018,0.025515
21/03/2018,0.025515
22/03/2018,0.024583
23/03/2018,0.024583
26/03/2018,0.024583
27/03/2018,0.024583
28/03/2018,0.024583
29/03/2018,0.024583
02/04/2018,0.024583
03/04/2018,0.024583
04/04/2018,0.024583
05/04/2018,0.024583
06/04/2018,0.024583
09/04/2018,0.024583
10/04/2018,0.024583
11/04/2018,0.024583
12/04/2018,0.024583
13/04/2018,0.024583
16/04/2018,0.024583
17/04/2018,0.024583
18/04/2018,0.024583
19/04/2018,0.024583
20/04/2018,0.024583
23/04/2018,0.024583
24/04/2018,0.024583
25/04/2018,0.024583
26/04/2018,0.024583
27/04/2018,0.024583
30/04/2018,0.024583
02/05/2018,0.024583
03/05/2018,0.024583
04/05/2018,0.024583
07/05/2018,0.024583
08/05/2018,0.024583
09/05/2018,0.024583
10/05/2018,0.024583
11/05/2018,0.024583
14/05/2018,0.024583
15/05/2018,0.024583
16/05/2018,0.024583
17/05/2018,0.024583
18/05/2018,0.024583
21/05/2018,0.024583
22/05/2018,0.024583
23/05/2018,0.024583
24/05/2018,0.024583
25/05/2018,0.024583
28/05/2018,0.024583
29/05/2018,0.024583
30/05/2018,0.024583
01/06/2018,0.024583
04/06/2018,0.024583
05/06/2018,0.024583
06/06/2018,0.024583
07/06/2018,0.024583
08/06/2018,0.024583
11/06/2018,0.024583
12/06/2018,0.024583
13/06/2018,0.024583
14/06/2018,0.024583
15/06/2018,0.024583
18/06/2018,0.024583
19/06/2018,0.024583
20/06/2018,0.024583
21/06/2018,0.024583
22/06/2018,0.024583
25/06/2018,0.024583
26/06/2018,0.024583
27/06/2018,0.024583
28/06/2018,0.024583
29/06/2018,0.024583
02/07/2018,0.024583
03/07/2018,0.024583
04/07/2018,0.024583
05/07/2018,0.024583
06/07/2018,0.024583
09/07/2018,0.024583
10/07/2018,0.024583
11/07/2018,0.024583
12/07/2018,0.024583
13/07/2018,0.024583
16/07/2018,0.024583
17/07/2018,0.024583
18/07/2018,0.024583
19/07/2018,0.024583
20/07/2018,0.024583
23/07/2018,0.024583
24/07/2018,0.024583
25/07/2018,0.024583
26/07/2018,0.024583
27/07/2018,0.024583
30/07/2018,0.024583
31/07/2018,0.024583
01/08/2018,0.024583
02/08/2018,0.024583
03/08/2018,0.024583
06/08/2018,0.024583
07/08/2018,0.024583
08/08/2018,0.024583
09/08/2018,0.024583
10/08/2018,0.024583
13/08/2018,0.024583
14/08/2018,0.024583
15/08/2018,0.024583
16/08/2018,0.024583
17/08/2018,0.024583
20/08/2018,0.024583
21/08/2018,0.024583
22/08/2018,0.024583
23/08/2018,0.024583
24/08/2018,0.024583
27/08/2018,0.024583
28/08/2018,0.024583
29/08/2018,0.024583
30/08/2018,0.024583
31/08/2018,0.024583
03/09/2018,0.024583
04/09/2018,0.024583
05/09/2018,0.024583
06/09/2018,0.024583
10/09/2018,0.024583
11/09/2018,0.024583
12/09/2018,0.024583
13/09/2018,0.024583
14/09/2018,0.024583
17/09/2018,0.024583
18/09/2018,0.024583
19/09/2018,0.024583
20/09/2018,0.024583
21/09/2018,0.024583
24/09/2018,0.024583
25/09/2018,0.024583
26/09/2018,0.024583
27/09/2018,0.024583
28/09/2018,0.024583
01/10/2018,0.024620
02/10/2018,0.024620
03/10/2018,0.024620
04/10/2018,0.024620
05/10/2018,0.024620
08/10/2018,0.024620
09/10/2018,0.024620
10/10/2018,0.024620
11/10/2018,0.024620
15/10/2018,0.024620
16/10/2018,0.024620
17/10/2018,0.024620
18/10/2018,0.024620
19/10/2018,0.024620
22/10/2018,0.024620
23/10/2018,0.024620
24/10/2018,0.024620
25/10/2018,0.024620
26/10/2018,0.024620
29/10/2018,0.024620
30/10/2018,0.024620
31/10/2018,0.024620
01/11/2018,0.024620
05/11/2018,0.024620
06/11/2018,0.024620
07/11/2018,0.024620
08/11/2018,0.024620
09/11/2018,0.024620
12/11/2018,0.024620
13/11/2018,0.024620
14/11/2018,0.024620
16/11/2018,0.024620
19/11/2018,0.024620
20/11/2018,0.024620
21/11/2018,0.024620
22/11/2018,0.024620
23/11/2018,0.024620
26/11/2018,0.024620
27/11/2018,0.024620
28/11/2018,0.024620
29/11/2018,0.024620
30/11/2018,0.024620
03/12/2018,0.024620
04/12/2018,0.024620
05/12/2018,0.024620
06/12/2018,0.024620
07/12/2018,0.024620
10/12/2018,0.024620
11/12/2018,0.024620
12/12/2018,0.024620
13/12/2018,0.024620
14/12/2018,0.024620
17/12/2018,0.024620
18/12/2018,0.024620
19/12/2018,0.024620
20/12/2018,0.024620
21/12/2018,0.024620
24/12/2018,0.024620
26/12/2018,0.024620
27/12/2018,0.024620
28/12/2018,0.024620
31/12/2018,0.024620
02/01/2019,0.024620
03/01/2019,0.024620
04/01/2019,0.024620
07/01/2019,0.024620
08/01/2019,0.024620
09/01/2019,0.024620
10/01/2019,0.024620
11/01/2019,0.024620
14/01/2019,0.024620
15/01/2019,0.024620
16/01/2019,0.024620
17/01/2019,0.024620
18/01/2019,0.024620
21/01/2019,0.024620
22/01/2019,0.024620
23/01/2019,0.024620
24/01/2019,0.024620
25/01/2019,0.024620
28/01/2019,0.024620
29/01/2019,0.024620
30/01/2019,0.024620
31/01/2019,0.024620
01/02/2019,0.024620
04/02/2019,0.024620
05/02/2019,0.024620
06/02/2019,0.024620
07/02/2019,0.024620
08/02/2019,0.024620
11/02/2019,0.024620
12/02/2019,0.024620
13/02/2019,0.024620
14/02/2019,0.024620
15/02/2019,0.024620
18/02/2019,0.024620
19/02/2019,0.024620
20/02/2019,0.024620
21/02/2019,0.024620
22/02/2019,0.024620
25/02/2019,0.024620
26/02/2019,0.024620
27/02/2019,0.024620
28/02/2019,0.024620
01/03/2019,0.024620
06/03/2019,0.024620
07/03/2019,0.024620
08/03/2019,0.024620
11/03/2019,0.024620
12/03/2019,0.024620
13/03/2019,0.024620
14/03/2019,0.024620
15/03/2019,0.024620
18/03/2019,0.024620
19/03/2019,0.024620
20/03/2019,0.024620
21/03/2019,0.024620
22/03/2019,0.024620
25/03/2019,0.024620
26/03/2019,0.024620
27/03/2019,0.024620
28/03/2019,0.024620
29/03/2019,0.024620
01/04/2019,0.024620
02/04/2019,0.024620
03/04/2019,0.024620
04/04/2019,0.024620
05/04/2019,0.024620
08/04/2019,0.024620
09/04/2019,0.024620
10/04/2019,0.024620
11/04/2019,0.024620
12/04/2019,0.024620
15/04/2019,0.024620
16/04/2019,0.024620
17/04/2019,0.024620
18/04/2019,0.024620
22/04/2019,0.024620
23/04/2019,0.024620
24/04/2019,0.024620
25/04/2019,0.024620
26/04/2019,0.024620
29/04/2019,0.024620
30/04/2019,0.024620
02/05/2019,0.024620
03/05/2019,0.024620
06/05/2019,0.024620
07/05/2019,0.024620
08/05/2019,0.024620
09/05/2019,0.024620
10/05/2019,0.024620
13/05/2019,0.024620
14/05/2019,0.024620
15/05/2019,0.024620
16/05/2019,0.024620
17/05/2019,0.024620
20/05/2019,0.024620
21/05/2019,0.024620
22/05/2019,0.024620
23/05/2019,0.024620
24/05/2019,0.024620
27/05/2019,0.024620
28/05/2019,0.024620
29/05/2019,0.024620
30/05/2019,0.024620
31/05/2019,0.024620
03/06/2019,0.024620
04/06/2019,0.024620
05/06/2019,0.024620
06/06/2019,0.024620
07/06/2019,0.024620
10/06/2019,0.024620
11/06/2019,0.024620
12/06/2019,0.024620
13/06/2019,0.024620
14/06/2019,0.024620
17/06/2019,0.024620
18/06/2019,0.024620
19/06/2019,0.024620
21/06/2019,0.024620
24/06/2019,0.024620
25/06/2019,0.024620
26/06/2019,0.024620
27/06/2019,0.024620
28/06/2019,0.024620
01/07/2019,0.024620
02/07/2019,0.024620
03/07/2019,0.024620
04/07/2019,0.024620
05/07/2019,0.024620
08/07/2019,0.024620
09/07/2019,0.024620
10/07/2019,0.024620
11/07/2019,0.024620
12/07/2019,0.024620
15/07/2019,0.024620
16/07/2019,0.024620
17/07/2019,0.024620
18/07/2019,0.024620
19/07/2019,0.024620
22/07/2019,0.024620
23/07/2019,0.024620
24/07/2019,0.024620
25/07/2019,0.024620
26/07/2019,0.024620
29/07/2019,0.024620
30/07/2019,0.024620
31/07/2019,0.024620
01/08/2019,0.022751
02/08/2019,0.022751
05/08/2019,0.022751
06/08/2019,0.022751
07/08/2019,0.022751
08/08/2019,0.022751
09/08/2019,0.022751
12/08/2019,0.022751
13/08/2019,0.022751
14/08/2019,0.022751
15/08/2019,0.022751
16/08/2019,0.022751
19/08/2019,0.022751
20/08/2019,0.022751
21/08/2019,0.022751
22/08/2019,0.022751
23/08/2019,0.022751
26/08/2019,0.022751
27/08/2019,0.022751
28/08/2019,0.022751
29/08/2019,0.022751
30/08/2019,0.022751
02/09/2019,0.022751
03/09/2019,0.022751
04/09/2019,0.022751
05/09/2019,0.022751
06/09/2019,0.022751
09/09/2019,0.022751
10/09/2019,0.022751
11/09/2019,0.022751
12/09/2019,0.022751
13/09/2019,0.022751
16/09/2019,0.022751
17/09/2019,0.022751
18/09/2019,0.022751
19/09/2019,0.020872
20/09/2019,0.020872
23/09/2019,0.020872
24/09/2019,0.020872
25/09/2019,0.020872
26/09/2019,0.020872
27/09/2019,0.020872
30/09/2019,0.020872
01/10/2019,0.020872
02/10/2019,0.020872
03/10/2019,0.020872
04/10/2019,0.020872
07/10/2019,0.020872
08/10/2019,0.020872
09/10/2019,0.020872
10/10/2019,0.020872
11/10/2019,0.020872
14/10/2019,0.020872
15/10/2019,0.020872
16/10/2019,0.020872
17/10/2019,0.020872
18/10/2019,0.020872
21/10/2019,0.020872
22/10/2019,0.020872
23/10/2019,0.020872
24/10/2019,0.020872
25/10/2019,0.020872
28/10/2019,0.020872
29/10/2019,0.020872
30/10/2019,0.020872
31/10/2019,0.018985
01/11/2019,0.018985
04/11/2019,0.018985
05/11/2019,0.018985
06/11/2019,0.018985
07/11/2019,0.018985
08/11/2019,0.018985
11/11/2019,0.018985
12/11/2019,0.018985
13/11/2019,0.018985
14/11/2019,0.018985
18/11/2019,0.018985
19/11/2019,0.018985
20/11/2019,0.018985
21/11/2019,0.018985
22/11/2019,0.018985
25/11/2019,0.018985
26/11/2019,0.018985
27/11/2019,0.018985
28/11/2019,0.018985
29/11/2019,0.018985
02/12/2019,0.018985
03/12/2019,0.018985
04/12/2019,0.018985
05/12/2019,0.018985
06/12/2019,0.018985
09/12/2019,0.018985
10/12/2019,0.018985
11/12/2019,0.018985
12/12/2019,0.017089
13/12/2019,0.017089
16/12/2019,0.017089
17/12/2019,0.017089
18/12/2019,0.017089
19/12/2019,0.017089
20/12/2019,0.017089
23/12/2019,0.017089
24/12/2019,0.017089
26/12/2019,0.017089
27/12/2019,0.017089
30/12/2019,0.017089
31/12/2019,0.017089
02/01/2020,0.017089
03/01/2020,0.017089
06/01/2020,0.017089
07/01/2020,0.017089
08/01/2020,0.017089
09/01/2020,0.017089
10/01/2020,0.017089
13/01/2020,0.017089
14/01/2020,0.017089
15/01/2020,0.017089
16/01/2020,0.017089
17/01/2020,0.017089
20/01/2020,0.017089
21/01/2020,0.017089
22/01/2020,0.017089
23/01/2020,0.017089
24/01/2020,0.017089
27/01/2020,0.017089
28/01/2020,0.017089
29/01/2020,0.017089
30/01/2020,0.017089
31/01/2020,0.017089
03/02/2020,0.017089
04/02/2020,0.017089
05/02/2020,0.017089
06/02/2020,0.016137
07/02/2020,0.016137
10/02/2020,0.016137
11/02/2020,0.016137
12/02/2020,0.016137
13/02/2020,0.016137
14/02/2020,0.016137
17/02/2020,0.016137
18/02/2020,0.016137
19/02/2020,0.016137
20/02/2020,0.016137
21/02/2020,0.016137
26/02/2020,0.016137
27/02/2020,0.016137
28/02/2020,0.016137
02/03/2020,0.016137
03/03/2020,0.016137
04/03/2020,0.016137
05/03/2020,0.016137
06/03/2020,0.016137
09/03/2020,0.016137
10/03/2020,0.016137
11/03/2020,0.016137
12/03/2020,0.016137
13/03/2020,0.016137
16/03/2020,0.016137
17/03/2020,0.016137
18/03/2020,0.016137
19/03/2020,0.014227
20/03/2020,0.014227
23/03/2020,0.014227
24/03/2020,0.014227
25/03/2020,0.014227
26/03/2020,0.014227
27/03/2020,0.014227
30/03/2020,0.014227
31/03/2020,0.014227
01/04/2020,0.014227
02/04/2020,0.014227
03/04/2020,0.014227
06/04/2020,0.014227
07/04/2020,0.014227
08/04/2020,0.014227
09/04/2020,0.014227
13/04/2020,0.014227
14/04/2020,0.014227
15/04/2020,0.014227
16/04/2020,0.014227
17/04/2020,0.014227
20/04/2020,0.014227
22/04/2020,0.014227
23/04/2020,0.014227
24/04/2020,0.014227
27/04/2020,0.014227
28/04/2020,0.014227
29/04/2020,0.014227
30/04/2020,0.014227
04/05/2020,0.014227
05/05/2020,0.014227
06/05/2020,0.014227
07/05/2020,0.011345
08/05/2020,0.011345
11/05/2020,0.011345
12/05/2020,0.011345
13/05/2020,0.011345
14/05/2020,0.011345
15/05/2020,0.011345
18/05/2020,0.011345
19/05/2020,0.011345
20/05/2020,0.011345
21/05/2020,0.011345
22/05/2020,0.011345
25/05/2020,0.011345
26/05/2020,0.011345
27/05/2020,0.011345
28/05/2020,0.011345
29/05/2020,0.011345
01/06/2020,0.011345
02/06/2020,0.011345
03/06/2020,0.011345
04/06/2020,0.011345
05/06/2020,0.011345
08/06/2020,0.011345
09/06/2020,0.011345
10/06/2020,0.011345
12/06/2020,0.011345
15/06/2020,0.011345
16/06/2020,0.011345
17/06/2020,0.011345
18/06/2020,0.008442
19/06/2020,0.008442
22/06/2020,0.008442
23/06/2020,0.008442
24/06/2020,0.008442
25/06/2020,0.008442
26/06/2020,0.008442
29/06/2020,0.008442
30/06/2020,0.008442
01/07/2020,0.008442
02/07/2020,0.008442
03/07/2020,0.008442
06/07/2020,0.008442
07/07/2020,0.008442
08/07/2020,0.008442
09/07/2020,0.008442
10/07/2020,0.008442
13/07/2020,0.008442
14/07/2020,0.008442
15/07/2020,0.008442
16/07/2020,0.008442
17/07/2020,0.008442
20/07/2020,0.008442
21/07/2020,0.008442
22/07/2020,0.008442
23/07/2020,0.008442
24/07/2020,0.008442
27/07/2020,0.008442
28/07/2020,0.008442
29/07/2020,0.008442
30/07/2020,0.008442
31/07/2020,0.008442
03/08/2020,0.008442
04/08/2020,0.008442
05/08/2020,0.008442
06/08/2020,0.007469
07/08/2020,0.007469
10/08/2020,0.007469
11/08/2020,0.007469
12/08/2020,0.007469
13/08/2020,0.007469
14/08/2020,0.007469
17/08/2020,0.007469
18/08/2020,0.007469
19/08/2020,0.007469
20/08/2020,0.007469
21/08/2020,0.007469
24/08/2020,0.007469
25/08/2020,0.007469
26/08/2020,0.007469
27/08/2020,0.007469
28/08/2020,0.007469
31/08/2020,0.007469
01/09/2020,0.007469
02/09/2020,0.007469
03/09/2020,0.007469
04/09/2020,0.007469
08/09/2020,0.007469
09/09/2020,0.007469
10/09/2020,0.007469
11/09/2020,0.007469
14/09/2020,0.007469
15/09/2020,0.007469
16/09/2020,0.007469
17/09/2020,0.007469
18/09/2020,0.007469
21/09/2020,0.007469
22/09/2020,0.007469
23/09/2020,0.007469
24/09/2020,0.007469
25/09/2020,0.007469
28/09/2020,0.007469
29/09/2020,0.007469
30/09/2020,0.007469
01/10/2020,0.007469
02/10/2020,0.007469
05/10/2020,0.007469
06/10/2020,0.007469
07/10/2020,0.007469
08/10/2020,0.007469
09/10/2020,0.007469
13/10/2020,0.007469
14/10/2020,0.007469
15/10/2020,0.007469
16/10/2020,0.007469
19/10/2020,0.007469
20/10/2020,0.007469
21/10/2020,0.007469
22/10/2020,0.007469
23/10/2020,0.007469
26/10/2020,0.007469
27/10/2020,0.007469
28/10/2020,0.007469
29/10/2020,0.007469
30/10/2020,0.007469
03/11/2020,0.007469
04/11/2020,0.007469
05/11/2020,0.007469
06/11/2020,0.007469
09/11/2020,0.007469
10/11/2020,0.007469
11/11/2020,0.007469
12/11/2020,0.007469
13/11/2020,0.007469
16/11/2020,0.007469
17/11/2020,0.007469
18/11/2020,0.007469
19/11/2020,0.007469
20/11/2020,0.007469
23/11/2020,0.007469
24/11/2020,0.007469
25/11/2020,0.007469
26/11/2020,0.007469
27/11/2020,0.007469
30/11/2020,0.007469
01/12/2020,0.007469
02/12/2020,0.007469
03/12/2020,0.007469
04/12/2020,0.007469
07/12/2020,0.007469
08/12/2020,0.007469
09/12/2020,0.007469
10/12/2020,0.007469
11/12/2020,0.007469
14/12/2020,0.007469
15/12/2020,0.007469
16/12/2020,0.007469
17/12/2020,0.007469
18/12/2020,0.007469
21/12/2020,0.007469
22/12/2020,0.007469
23/12/2020,0.007469
24/12/2020,0.007469
28/12/2020,0.007469
29/12/2020,0.007469
30/12/2020,0.007469
31/12/2020,0.007469
04/01/2021,0.007469
05/01/2021,0.007469
06/01/2021,0.007469
07/01/2021,0.007469
08/01/2021,0.007469
11/01/2021,0.007469
12/01/2021,0.007469
13/01/2021,0.007469
14/01/2021,0.007469
15/01/2021,0.007469
18/01/2021,0.007469
19/01/2021,0.007469
20/01/2021,0.007469
21/01/2021,0.007469
22/01/2021,0.007469
25/01/2021,0.007469
26/01/2021,0.007469
27/01/2021,0.007469
28/01/2021,0.007469
29/01/2021,0.007469
01/02/2021,0.007469
02/02/2021,0.007469
03/02/2021,0.007469
04/02/2021,0.007469
05/02/2021,0.007469
08/02/2021,0.007469
09/02/2021,0.007469
10/02/2021,0.007469
11/02/2021,0.007469
12/02/2021,0.007469
17/02/2021,0.007469
18/02/2021,0.007469
19/02/2021,0.007469
22/02/2021,0.007469
23/02/2021,0.007469
24/02/2021,0.007469
25/02/2021,0.007469
26/02/2021,0.007469
01/03/2021,0.007469
02/03/2021,0.007469
03/03/2021,0.007469
04/03/2021,0.007469
05/03/2021,0.007469
08/03/2021,0.007469
09/03/2021,0.007469
10/03/2021,0.007469
11/03/2021,0.007469
12/03/2021,0.007469
15/03/2021,0.007469
16/03/2021,0.007469
17/03/2021,0.007469
18/03/2021,0.010379
19/03/2021,0.010379
22/03/2021,0.010379
23/03/2021,0.010379
24/03/2021,0.010379
25/03/2021,0.010379
26/03/2021,0.010379
29/03/2021,0.010379
30/03/2021,0.010379
31/03/2021,0.010379
01/04/2021,0.010379
05/04/2021,0.010379
06/04/2021,0.010379
07/04/2021,0.010379
08/04/2021,0.010379
09/04/2021,0.010379
12/04/2021,0.010379
13/04/2021,0.010379
14/04/2021,0.010379
15/04/2021,0.010379
16/04/2021,0.010379
19/04/2021,0.010379
20/04/2021,0.010379
22/04/2021,0.010379
23/04/2021,0.010379
26/04/2021,0.010379
27/04/2021,0.010379
28/04/2021,0.010379
29/04/2021,0.010379
30/04/2021,0.010379
03/05/2021,0.010379
04/05/2021,0.010379
05/05/2021,0.010379
06/05/2021,0.013269
07/05/2021,0.013269
10/05/2021,0.013269
11/05/2021,0.013269
12/05/2021,0.013269
13/05/2021,0.013269
14/05/2021,0.013269
17/05/2021,0.013269
18/05/2021,0.013269
19/05/2021,0.013269
20/05/2021,0.013269
21/05/2021,0.013269
24/05/2021,0.013269
25/05/2021,0.013269
26/05/2021,0.013269
27/05/2021,0.013269
28/05/2021,0.013269
31/05/2021,0.013269
01/06/2021,0.013269
02/06/2021,0.013269
04/06/2021,0.013269
07/06/2021,0.013269
08/06/2021,0.013269
09/06/2021,0.013269
10/06/2021,0.013269
11/06/2021,0.013269
14/06/2021,0.013269
15/06/2021,0.013269
16/06/2021,0.013269
17/06/2021,0.016137
18/06/2021,0.016137
21/06/2021,0.016137
22/06/2021,0.016137
23/06/2021,0.016137
24/06/2021,0.016137
25/06/2021,0.016137
28/06/2021,0.016137
29/06/2021,0.016137
30/06/2021,0.016137
01/07/2021,0.016137
02/07/2021,0.016137
05/07/2021,0.016137
06/07/2021,0.016137
07/07/2021,0.016137
08/07/2021,0.016137
09/07/2021,0.016137
12/07/2021,0.016137
13/07/2021,0.016137
14/07/2021,0.016137
15/07/2021,0.016137
16/07/2021,0.016137
19/07/2021,0.016137
20/07/2021,0.016137
21/07/2021,0.016137
22/07/2021,0.016137
23/07/2021,0.016137
26/07/2021,0.016137
27/07/2021,0.016137
28/07/2021,0.016137
29/07/2021,0.016137
30/07/2021,0.016137
02/08/2021,0.016137
03/08/2021,0.016137
04/08/2021,0.016137
05/08/2021,0.019930
06/08/2021,0.019930
09/08/2021,0.019930
10/08/2021,0.019930
11/08/2021,0.019930
12/08/2021,0.019930
13/08/2021,0.019930
16/08/2021,0.019930
17/08/2021,0.019930
18/08/2021,0.019930
19/08/2021,0.019930
20/08/2021,0.019930
23/08/2021,0.019930
24/08/2021,0.019930
25/08/2021,0.019930
26/08/2021,0.019930
27/08/2021,0.019930
30/08/2021,0.019930
31/08/2021,0.019930
01/09/2021,0.019930
02/09/2021,0.019930
03/09/2021,0.019930
06/09/2021,0.019930
08/09/2021,0.019930
09/09/2021,0.019930
10/09/2021,0.019930
13/09/2021,0.019930
14/09/2021,0.019930
15/09/2021,0.019930
16/09/2021,0.019930
17/09/2021,0.019930
20/09/2021,0.019930
21/09/2021,0.019930
22/09/2021,0.019930
23/09/2021,0.023687
24/09/2021,0.023687
27/09/2021,0.023687
28/09/2021,0.023687
29/09/2021,0.023687
30/09/2021,0.023687
01/10/2021,0.023687
04/10/2021,0.023687
05/10/2021,0.023687
06/10/2021,0.023687
07/10/2021,0.023687
08/10/2021,0.023687
11/10/2021,0.023687
13/10/2021,0.023687
14/10/2021,0.023687
15/10/2021,0.023687
18/10/2021,0.023687
19/10/2021,0.023687
20/10/2021,0.023687
21/10/2021,0.023687
22/10/2021,0.023687
25/10/2021,0.023687
26/10/2021,0.023687
27/10/2021,0.023687
28/10/2021,0.029256
29/10/2021,0.029256
01/11/2021,0.029256
03/11/2021,0.029256
04/11/2021,0.029256
05/11/2021,0.029256
08/11/2021,0.029256
09/11/2021,0.029256
10/11/2021,0.029256
11/11/2021,0.029256
12/11/2021,0.029256
16/11/2021,0.029256
17/11/2021,0.029256
18/11/2021,0.029256
19/11/2021,0.029256
22/11/2021,0.029256
23/11/2021,0.029256
24/11/2021,0.029256
25/11/2021,0.029256
26/11/2021,0.029256
29/11/2021,0.029256
30/11/2021,0.029256
01/12/2021,0.029256
02/12/2021,0.029256
03/12/2021,0.029256
06/12/2021,0.029256
07/12/2021,0.029256
08/12/2021,0.029256
09/12/2021,0.034749
10/12/2021,0.034749
13/12/2021,0.034749
14/12/2021,0.034749
15/12/2021,0.034749
16/12/2021,0.034749
17/12/2021,0.034749
20/12/2021,0.034749
21/12/2021,0.034749
22/12/2021,0.034749
23/12/2021,0.034749
24/12/2021,0.034749
27/12/2021,0.034749
28/12/2021,0.034749
29/12/2021,0.034749
30/12/2021,0.034749
31/12/2021,0.034749
03/01/2022,0.034749
04/01/2022,0.034749
05/01/2022,0.034749
06/01/2022,0.034749
07/01/2022,0.034749
10/01/2022,0.034749
11/01/2022,0.034749
12/01/2022,0.034749
13/01/2022,0.034749
14/01/2022,0.034749
17/01/2022,0.034749
18/01/2022,0.034749
19/01/2022,0.034749
20/01/2022,0.034749
21/01/2022,0.034749
24/01/2022,0.034749
25/01/2022,0.034749
26/01/2022,0.034749
27/01/2022,0.034749
28/01/2022,0.034749
31/01/2022,0.034749
01/02/2022,0.034749
02/02/2022,0.034749
03/02/2022,0.040168
04/02/2022,0.040168
07/02/2022,0.040168
08/02/2022,0.040168
09/02/2022,0.040168
10/02/2022,0.040168
11/02/2022,0.040168
14/02/2022,0.040168
15/02/2022,0.040168
16/02/2022,0.040168
17/02/2022,0.040168
18/02/2022,0.040168
21/02/2022,0.040168
22/02/2022,0.040168
23/02/2022,0.040168
24/02/2022,0.040168
25/02/2022,0.040168
02/03/2022,0.040168
03/03/2022,0.040168
04/03/2022,0.040168
07/03/2022,0.040168
08/03/2022,0.040168
09/03/2022,0.040168
10/03/2022,0.040168
11/03/2022,0.040168
14/03/2022,0.040168
15/03/2022,0.040168
16/03/2022,0.040168
17/03/2022,0.043739
18/03/2022,0.043739
21/03/2022,0.043739
22/03/2022,0.043739
23/03/2022,0.043739
24/03/2022,0.043739
25/03/2022,0.043739
28/03/2022,0.043739
29/03/2022,0.043739
30/03/2022,0.043739
31/03/2022,0.043739
01/04/2022,0.043739
04/04/2022,0.043739
05/04/2022,0.043739
06/04/2022,0.043739
07/04/2022,0.043739
08/04/2022,0.043739
11/04/2022,0.043739
12/04/2022,0.043739
13/04/2022,0.043739
14/04/2022,0.043739
18/04/2022,0.043739
19/04/2022,0.043739
20/04/2022,0.043739
22/04/2022,0.043739
25/04/2022,0.043739
26/04/2022,0.043739
27/04/2022,0.043739
28/04/2022,0.043739
29/04/2022,0.043739
02/05/2022,0.043739
03/05/2022,0.043739
04/05/2022,0.043739
05/05/2022,0.047279
06/05/2022,0.047279
09/05/2022,0.047279
10/05/2022,0.047279
11/05/2022,0.047279
12/05/2022,0.047279
13/05/2022,0.047279
16/05/2022,0.047279
17/05/2022,0.047279
18/05/2022,0.047279
19/05/2022,0.047279
20/05/2022,0.047279
23/05/2022,0.047279
24/05/2022,0.047279
25/05/2022,0.047279
26/05/2022,0.047279
27/05/2022,0.047279
30/05/2022,0.047279
31/05/2022,0.047279
01/06/2022,0.047279
02/06/2022,0.047279
03/06/2022,0.047279
06/06/2022,0.047279
07/06/2022,0.047279
08/06/2022,0.047279
09/06/2022,0.047279
10/06/2022,0.047279
13/06/2022,0.047279
14/06/2022,0.047279
15/06/2022,0.047279
17/06/2022,0.049037
20/06/2022,0.049037
21/06/2022,0.049037
22/06/2022,0.049037
23/06/2022,0.049037
24/06/2022,0.049037
27/06/2022,0.049037
28/06/2022,0.049037
29/06/2022,0.049037
30/06/2022,0.049037
01/07/2022,0.049037
04/07/2022,0.049037
05/07/2022,0.049037
06/07/2022,0.049037
07/07/2022,0.049037
08/07/2022,0.049037
11/07/2022,0.049037
12/07/2022,0.049037
13/07/2022,0.049037
14/07/2022,0.049037
15/07/2022,0.049037
18/07/2022,0.049037
19/07/2022,0.049037
20/07/2022,0.049037
21/07/2022,0.049037
22/07/2022,0.049037
25/07/2022,0.049037
26/07/2022,0.049037
27/07/2022,0.049037
28/07/2022,0.049037
29/07/2022,0.049037
01/08/2022,0.049037
02/08/2022,0.049037
03/08/2022,0.049037
04/08/2022,0.050788
05/08/2022,0.050788
08/08/2022,0.050788
09/08/2022,0.050788
10/08/2022,0.050788
11/08/2022,0.050788
12/08/2022,0.050788
15/08/2022,0.050788
16/08/2022,0.050788
17/08/2022,0.050788
18/08/2022,0.050788
19/08/2022,0.050788
22/08/2022,0.050788
23/08/2022,0.050788
24/08/2022,0.050788
25/08/2022,0.050788
26/08/2022,0.050788
29/08/2022,0.050788
30/08/2022,0.050788
31/08/2022,0.050788
01/09/2022,0.050788
02/09/2022,0.050788
05/09/2022,0.050788
06/09/2022,0.050788
08/09/2022,0.050788
09/09/2022,0.050788
12/09/2022,0.050788
13/09/2022,0.050788
14/09/2022,0.050788
15/09/2022,0.050788
16/09/2022,0.050788
19/09/2022,0.050788
20/09/2022,0.050788
21/09/2022,0.050788
22/09/2022,0.050788
23/09/2022,0.050788
26/09/2022,0.050788
27/09/2022,0.050788
28/09/2022,0.050788
29/09/2022,0.050788
30/09/2022,0.050788
03/10/2022,0.050788
04/10/2022,0.050788
05/10/2022,0.050788
06/10/2022,0.050788
07/10/2022,0.050788
10/10/2022,0.050788
11/10/2022,0.050788
13/10/2022,0.050788
14/10/2022,0.050788
17/10/2022,0.050788
18/10/2022,0.050788
19/10/2022,0.050788
20/10/2022,0.050788
21/10/2022,0.050788
24/10/2022,0.050788
25/10/2022,0.050788
26/10/2022,0.050788
27/10/2022,0.050788
28/10/2022,0.050788
31/10/2022,0.050788
01/11/2022,0.050788
03/11/2022,0.050788
04/11/2022,0.050788
07/11/2022,0.050788
08/11/2022,0.050788
09/11/2022,0.050788
10/11/2022,0.050788
11/11/2022,0.050788
14/11/2022,0.050788
16/11/2022,0.050788
17/11/2022,0.050788
18/11/2022,0.050788
21/11/2022,0.050788
22/11/2022,0.050788
23/11/2022,0.050788
24/11/2022,0.050788
25/11/2022,0.050788
28/11/2022,0.050788
29/11/2022,0.050788
30/11/2022,0.050788
01/12/2022,0.050788
02/12/2022,0.050788
05/12/2022,0.050788
06/12/2022,0.050788
07/12/2022,0.050788
08/12/2022,0.050788
09/12/2022,0.050788
12/12/2022,0.050788
13/12/2022,0.050788
14/12/2022,0.050788
15/12/2022,0.050788
16/12/2022,0.050788
19/12/2022,0.050788
20/12/2022,0.050788
21/12/2022,0.050788
22/12/2022,0.050788
23/12/2022,0.050788
26/12/2022,0.050788
27/12/2022,0.050788
28/12/2022,0.050788
29/12/2022,0.050788
30/12/2022,0.050788
02/01/2023,0.050788
03/01/2023,0.050788
04/01/2023,0.050788
05/01/2023,0.050788
06/01/2023,0.050788
09/01/2023,0.050788
10/01/2023,0.050788
11/01/2023,0.050788
12/01/2023,0.050788
13/01/2023,0.050788
16/01/2023,0.050788
17/01/2023,0.050788
18/01/2023,0.050788
19/01/2023,0.050788
20/01/2023,0.050788
23/01/2023,0.050788
24/01/2023,0.050788
25/01/2023,0.050788
26/01/2023,0.050788
27/01/2023,0.050788
30/01/2023,0.050788
31/01/2023,0.050788
01/02/2023,0.050788
02/02/2023,0.050788
03/02/2023,0.050788
06/02/2023,0.050788
07/02/2023,0.050788
08/02/2023,0.050788
09/02/2023,0.050788
10/02/2023,0.050788
13/02/2023,0.050788
14/02/2023,0.050788
15/02/2023,0.050788
16/02/2023,0.050788
17/02/2023,0.050788
22/02/2023,0.050788
23/02/2023,0.050788
24/02/2023,0.050788
27/02/2023,0.050788
28/02/2023,0.050788
01/03/2023,0.050788
02/03/2023,0.050788
03/03/2023,0.050788
06/03/2023,0.050788
07/03/2023,0.050788
08/03/2023,0.050788
09/03/2023,0.050788
10/03/2023,0.050788
13/03/2023,0.050788
14/03/2023,0.050788
15/03/2023,0.050788
16/03/2023,0.050788
17/03/2023,0.050788
20/03/2023,0.050788
21/03/2023,0.050788
22/03/2023,0.050788
23/03/2023,0.050788
24/03/2023,0.050788
27/03/2023,0.050788
28/03/2023,0.050788
29/03/2023,0.050788
30/03/2023,0.050788
31/03/2023,0.050788
03/04/2023,0.050788
04/04/2023,0.050788
05/04/2023,0.050788
06/04/2023,0.050788
10/04/2023,0.050788
11/04/2023,0.050788
12/04/2023,0.050788
13/04/2023,0.050788
14/04/2023,0.050788
17/04/2023,0.050788
18/04/2023,0.050788
19/04/2023,0.050788
20/04/2023,0.050788
24/04/2023,0.050788
25/04/2023,0.050788
26/04/2023,0.050788
27/04/2023,0.050788
28/04/2023,0.050788
02/05/2023,0.050788
03/05/2023,0.050788
04/05/2023,0.050788
05/05/2023,0.050788
08/05/2023,0.050788
09/05/2023,0.050788
10/05/2023,0.050788
11/05/2023,0.050788
12/05/2023,0.050788
15/05/2023,0.050788
16/05/2023,0.050788
17/05/2023,0.050788
18/05/2023,0.050788
19/05/2023,0.050788
22/05/2023,0.050788
23/05/2023,0.050788
24/05/2023,0.050788
25/05/2023,0.050788
26/05/2023,0.050788
29/05/2023,0.050788
30/05/2023,0.050788
31/05/2023,0.050788
01/06/2023,0.050788
02/06/2023,0.050788
05/06/2023,0.050788
06/06/2023,0.050788
07/06/2023,0.050788
09/06/2023,0.050788
12/06/2023,0.050788
13/06/2023,0.050788
14/06/2023,0.050788
15/06/2023,0.050788
16/06/2023,0.050788
19/06/2023,0.050788
20/06/2023,0.050788
21/06/2023,0.050788
22/06/2023,0.050788
23/06/2023,0.050788
26/06/2023,0.050788
27/06/2023,0.050788
28/06/2023,0.050788
29/06/2023,0.050788
30/06/2023,0.050788
03/07/2023,0.050788
04/07/2023,0.050788
05/07/2023,0.050788
06/07/2023,0.050788
07/07/2023,0.050788
10/07/2023,0.050788
11/07/2023,0.050788
12/07/2023,0.050788
13/07/2023,0.050788
14/07/2023,0.050788
17/07/2023,0.050788
18/07/2023,0.050788
19/07/2023,0.050788
20/07/2023,0.050788
21/07/2023,0.050788
24/07/2023,0.050788
25/07/2023,0.050788
26/07/2023,0.050788
27/07/2023,0.050788
28/07/2023,0.050788
31/07/2023,0.050788
01/08/2023,0.050788
02/08/2023,0.050788
03/08/2023,0.049037
04/08/2023,0.049037
07/08/2023,0.049037
08/08/2023,0.049037
09/08/2023,0.049037
10/08/2023,0.049037
11/08/2023,0.049037
14/08/2023,0.049037
15/08/2023,0.049037
16/08/2023,0.049037
17/08/2023,0.049037
18/08/2023,0.049037
21/08/2023,0.049037
22/08/2023,0.049037
23/08/2023,0.049037
24/08/2023,0.049037
25/08/2023,0.049037
28/08/2023,0.049037
29/08/2023,0.049037
30/08/2023,0.049037
31/08/2023,0.049037
01/09/2023,0.049037
04/09/2023,0.049037
05/09/2023,0.049037
06/09/2023,0.049037
08/09/2023,0.049037
11/09/2023,0.049037
12/09/2023,0.049037
13/09/2023,0.049037
14/09/2023,0.049037
15/09/2023,0.049037
18/09/2023,0.049037
19/09/2023,0.049037
20/09/2023,0.049037
21/09/2023,0.047279
22/09/2023,0.047279
25/09/2023,0.047279
26/09/2023,0.047279
27/09/2023,0.047279
28/09/2023,0.047279
29/09/2023,0.047279
02/10/2023,0.047279
03/10/2023,0.047279
04/10/2023,0.047279
05/10/2023,0.047279
06/10/2023,0.047279
09/10/2023,0.047279
10/10/2023,0.047279
11/10/2023,0.047279
13/10/2023,0.047279
16/10/2023,0.047279
17/10/2023,0.047279
18/10/2023,0.047279
19/10/2023,0.047279
20/10/2023,0.047279
23/10/2023,0.047279
24/10/2023,0.047279
25/10/2023,0.047279
26/10/2023,0.047279
27/10/2023,0.047279
30/10/2023,0.047279
31/10/2023,0.047279
01/11/2023,0.047279
03/11/2023,0.045513
06/11/2023,0.045513
07/11/2023,0.045513
08/11/2023,0.045513
09/11/2023,0.045513
10/11/2023,0.045513
13/11/2023,0.045513
14/11/2023,0.045513
16/11/2023,0.045513
17/11/2023,0.045513
20/11/2023,0.045513
21/11/2023,0.045513
22/11/2023,0.045513
23/11/2023,0.045513
24/11/2023,0.045513
27/11/2023,0.045513
28/11/2023,0.045513
29/11/2023,0.045513
30/11/2023,0.045513
01/12/2023,0.045513
04/12/2023,0.045513
05/12/2023,0.045513
06/12/2023,0.045513
07/12/2023,0.045513
08/12/2023,0.045513
11/12/2023,0.045513
12/12/2023,0.045513
13/12/2023,0.045513
14/12/2023,0.043739
15/12/2023,0.043739
18/12/2023,0.043739
19/12/2023,0.043739
20/12/2023,0.043739
21/12/2023,0.043739
22/12/2023,0.043739
26/12/2023,0.043739
27/12/2023,0.043739
28/12/2023,0.043739
29/12/2023,0.043739
02/01/2024,0.043739
03/01/2024,0.043739
04/01/2024,0.043739
05/01/2024,0.043739
08/01/2024,0.043739
09/01/2024,0.043739
10/01/2024,0.043739
11/01/2024,0.043739
12/01/2024,0.043739
15/01/2024,0.043739
16/01/2024,0.043739
17/01/2024,0.043739
18/01/2024,0.043739
19/01/2024,0.043739
22/01/2024,0.043739
23/01/2024,0.043739
24/01/2024,0.043739
25/01/2024,0.043739
26/01/2024,0.043739
29/01/2024,0.043739
30/01/2024,0.043739
31/01/2024,0.043739
01/02/2024,0.041957
02/02/2024,0.041957
05/02/2024,0.041957
06/02/2024,0.041957
07/02/2024,0.041957
08/02/2024,0.041957
09/02/2024,0.041957
14/02/2024,0.041957
15/02/2024,0.041957
16/02/2024,0.041957
19/02/2024,0.041957
20/02/2024,0.041957
21/02/2024,0.041957
22/02/2024,0.041957
23/02/2024,0.041957
26/02/2024,0.041957
27/02/2024,0.041957
28/02/2024,0.041957
29/02/2024,0.041957
01/03/2024,0.041957
04/03/2024,0.041957
05/03/2024,0.041957
06/03/2024,0.041957
07/03/2024,0.041957
08/03/2024,0.041957
11/03/2024,0.041957
12/03/2024,0.041957
13/03/2024,0.041957
14/03/2024,0.041957
15/03/2024,0.041957
18/03/2024,0.041957
19/03/2024,0.041957
20/03/2024,0.041957
21/03/2024,0.040168
22/03/2024,0.040168
25/03/2024,0.040168
26/03/2024,0.040168
27/03/2024,0.040168
28/03/2024,0.040168
01/04/2024,0.040168
02/04/2024,0.040168
03/04/2024,0.040168
04/04/2024,0.040168
05/04/2024,0.040168
08/04/2024,0.040168
09/04/2024,0.040168
10/04/2024,0.040168
11/04/2024,0.040168
12/04/2024,0.040168
15/04/2024,0.040168
16/04/2024,0.040168
17/04/2024,0.040168
18/04/2024,0.040168
19/04/2024,0.040168
22/04/2024,0.040168
23/04/2024,0.040168
24/04/2024,0.040168
25/04/2024,0.040168
26/04/2024,0.040168
29/04/2024,0.040168
30/04/2024,0.040168
02/05/2024,0.040168
03/05/2024,0.040168
06/05/2024,0.040168
07/05/2024,0.040168
08/05/2024,0.040168
09/05/2024,0.039270
10/05/2024,0.039270
13/05/2024,0.039270
14/05/2024,0.039270
15/05/2024,0.039270
16/05/2024,0.039270
17/05/2024,0.039270
20/05/2024,0.039270
21/05/2024,0.039270
22/05/2024,0.039270
23/05/2024,0.039270
24/05/2024,0.039270
27/05/2024,0.039270
28/05/2024,0.039270
29/05/2024,0.039270
31/05/2024,0.039270
03/06/2024,0.039270
04/06/2024,0.039270
05/06/2024,0.039270
06/06/2024,0.039270
07/06/2024,0.039270
10/06/2024,0.039270
11/06/2024,0.039270
12/06/2024,0.039270
13/06/2024,0.039270
14/06/2024,0.039270
17/06/2024,0.039270
18/06/2024,0.039270
19/06/2024,0.039270
20/06/2024,0.039270
21/06/2024,0.039270
24/06/2024,0.039270
25/06/2024,0.039270
26/06/2024,0.039270
27/06/2024,0.039270
28/06/2024,0.039270
01/07/2024,0.039270
02/07/2024,0.039270
03/07/2024,0.039270
04/07/2024,0.039270
05/07/2024,0.039270
08/07/2024,0.039270
09/07/2024,0.039270
10/07/2024,0.039270
11/07/2024,0.039270
12/07/2024,0.039270
15/07/2024,0.039270
16/07/2024,0.039270
17/07/2024,0.039270
18/07/2024,0.039270
19/07/2024,0.039270
22/07/2024,0.039270
23/07/2024,0.039270
24/07/2024,0.039270
25/07/2024,0.039270
26/07/2024,0.039270
29/07/2024,0.039270
30/07/2024,0.039270
31/07/2024,0.039270
01/08/2024,0.039270
02/08/2024,0.039270
05/08/2024,0.039270
06/08/2024,0.039270
07/08/2024,0.039270
08/08/2024,0.039270
09/08/2024,0.039270
12/08/2024,0.039270
13/08/2024,0.039270
14/08/2024,0.039270
15/08/2024,0.039270
16/08/2024,0.039270
19/08/2024,0.039270
20/08/2024,0.039270
21/08/2024,0.039270
22/08/2024,0.039270
23/08/2024,0.039270
26/08/2024,0.039270
27/08/2024,0.039270
28/08/2024,0.039270
29/08/2024,0.039270
30/08/2024,0.039270
02/09/2024,0.039270
03/09/2024,0.039270
04/09/2024,0.039270
05/09/2024,0.039270
06/09/2024,0.039270
09/09/2024,0.039270
10/09/2024,0.039270
11/09/2024,0.039270
12/09/2024,0.039270
13/09/2024,0.039270
16/09/2024,0.039270
17/09/2024,0.039270
18/09/2024,0.039270
19/09/2024,0.040168
20/09/2024,0.040168
23/09/2024,0.040168
24/09/2024,0.040168
25/09/2024,0.040168
26/09/2024,0.040168
27/09/2024,0.040168
30/09/2024,0.040168
01/10/2024,0.040168
02/10/2024,0.040168
03/10/2024,0.040168
04/10/2024,0.040168
07/10/2024,0.040168
08/10/2024,0.040168
09/10/2024,0.040168
10/10/2024,0.040168
11/10/2024,0.040168
14/10/2024,0.040168
15/10/2024,0.040168
16/10/2024,0.040168
17/10/2024,0.040168
18/10/2024,0.040168
21/10/2024,0.040168
22/10/2024,0.040168
23/10/2024,0.040168
24/10/2024,0.040168
25/10/2024,0.040168
28/10/2024,0.040168
29/10/2024,0.040168
30/10/2024,0.040168
31/10/2024,0.040168
01/11/2024,0.040168
04/11/2024,0.040168
05/11/2024,0.040168
06/11/2024,0.040168
07/11/2024,0.041957
08/11/2024,0.041957
11/11/2024,0.041957
12/11/2024,0.041957
13/11/2024,0.041957
14/11/2024,0.041957
18/11/2024,0.041957
19/11/2024,0.041957
21/11/2024,0.041957
22/11/2024,0.041957
25/11/2024,0.041957
26/11/2024,0.041957
27/11/2024,0.041957
28/11/2024,0.041957
29/11/2024,0.041957
02/12/2024,0.041957
03/12/2024,0.041957
04/12/2024,0.041957
05/12/2024,0.041957
06/12/2024,0.041957
09/12/2024,0.041957
10/12/2024,0.041957
11/12/2024,0.041957
12/12/2024,0.045513
13/12/2024,0.045513
16/12/2024,0.045513
17/12/2024,0.045513
18/12/2024,0.045513
19/12/2024,0.045513
20/12/2024,0.045513
23/12/2024,0.045513
24/12/2024,0.045513
26/12/2024,0.045513
27/12/2024,0.045513
30/12/2024,0.045513
31/12/2024,0.045513
02/01/2025,0.045513
03/01/2025,0.045513
06/01/2025,0.045513
07/01/2025,0.045513
08/01/2025,0.045513
09/01/2025,0.045513
10/01/2025,0.045513
13/01/2025,0.045513
14/01/2025,0.045513
15/01/2025,0.045513
16/01/2025,0.045513
17/01/2025,0.045513
20/01/2025,0.045513
21/01/2025,0.045513
22/01/2025,0.045513
23/01/2025,0.045513
24/01/2025,0.045513
27/01/2025,0.045513
28/01/2025,0.045513
29/01/2025,0.045513
30/01/2025,0.049037
31/01/2025,0.049037
03/02/2025,0.049037
04/02/2025,0.049037
05/02/2025,0.049037
06/02/2025,0.049037
07/02/2025,0.049037
10/02/2025,0.049037
11/02/2025,0.049037
12/02/2025,0.049037
13/02/2025,0.049037
14/02/2025,0.049037
17/02/2025,0.049037
18/02/2025,0.049037
19/02/2025,0.049037
20/02/2025,0.049037
21/02/2025,0.049037
24/02/2025,0.049037
25/02/2025,0.049037
26/02/2025,0.049037
27/02/2025,0.049037
28/02/2025,0.049037
05/03/2025,0.049037
06/03/2025,0.049037
07/03/2025,0.049037
10/03/2025,0.049037
11/03/2025,0.049037
12/03/2025,0.049037
13/03/2025,0.049037
14/03/2025,0.049037
17/03/2025,0.049037
18/03/2025,0.049037
19/03/2025,0.049037
20/03/2025,0.052531
21/03/2025,0.052531
24/03/2025,0.052531
25/03/2025,0.052531
26/03/2025,0.052531
27/03/2025,0.052531
28/03/2025,0.052531
31/03/2025,0.052531
01/04/2025,0.052531
02/04/2025,0.052531
03/04/2025,0.052531
04/04/2025,0.052531
07/04/2025,0.052531
08/04/2025,0.052531
09/04/2025,0.052531
10/04/2025,0.052531
11/04/2025,0.052531
14/04/2025,0.052531
15/04/2025,0.052531
16/04/2025,0.052531
17/04/2025,0.052531
22/04/2025,0.052531
23/04/2025,0.052531
24/04/2025,0.052531
25/04/2025,0.052531
28/04/2025,0.052531
29/04/2025,0.052531
30/04/2025,0.052531
02/05/2025,0.052531
05/05/2025,0.052531
06/05/2025,0.052531
07/05/2025,0.052531
08/05/2025,0.054266
09/05/2025,0.054266
12/05/2025,0.054266
13/05/2025,0.054266
14/05/2025,0.054266
15/05/2025,0.054266
16/05/2025,0.054266
19/05/2025,0.054266
20/05/2025,0.054266
21/05/2025,0.054266
22/05/2025,0.054266
23/05/2025,0.054266
26/05/2025,0.054266
27/05/2025,0.054266
28/05/2025,0.054266
