Data,IVVB11,BOVA11
02/01/2017 16:56:00,"78,64","57,63"
03/01/2017 16:56:00,"76,25","59,75"
04/01/2017 16:56:00,"75,94","59,75"
05/01/2017 16:56:00,"75,26","60,05"
06/01/2017 16:56:00,"76,3","59,85"
09/01/2017 16:56:00,"75,44","59,74"
10/01/2017 16:56:00,"75,24","60,25"
11/01/2017 16:56:00,"75,29","60,47"
12/01/2017 16:56:00,"75,1",62
13/01/2017 16:56:00,"75,84","61,68"
16/01/2017 16:56:00,"76,93","61,9"
17/01/2017 16:56:00,"75,51","62,28"
18/01/2017 16:56:00,"75,81","61,9"
19/01/2017 16:56:00,"75,25","62,1"
20/01/2017 16:56:00,"74,8","62,57"
23/01/2017 16:56:00,"74,33","63,8"
24/01/2017 16:56:00,"75,03","63,91"
26/01/2017 16:56:00,"75,8","64,2"
27/01/2017 16:56:00,"74,81","64,01"
30/01/2017 16:56:00,"73,92","62,26"
31/01/2017 16:56:00,"74,36","62,39"
01/02/2017 16:56:00,"74,04","62,71"
02/02/2017 16:56:00,"73,83","62,65"
03/02/2017 16:56:00,"74,44","63,09"
06/02/2017 16:56:00,"74,23","62,01"
07/02/2017 16:56:00,"74,37","62,01"
08/02/2017 16:56:00,"74,31","62,87"
09/02/2017 16:56:00,"75,11","62,83"
10/02/2017 16:56:00,"74,9","63,99"
13/02/2017 16:56:00,"75,21","64,68"
14/02/2017 16:56:00,"74,82","65,05"
15/02/2017 16:56:00,"74,68","65,85"
16/02/2017 16:56:00,"75,27","65,6"
17/02/2017 16:56:00,"75,5","65,42"
20/02/2017 16:56:00,"75,99","66,35"
21/02/2017 16:56:00,"76,25","66,89"
22/02/2017 16:56:00,"75,28","66,48"
23/02/2017 16:56:00,"75,2","65,32"
24/02/2017 16:56:00,"76,45","64,5"
01/03/2017 16:56:00,"77,15","64,83"
02/03/2017 16:56:00,"78,19","63,5"
03/03/2017 16:56:00,"77,4","64,6"
06/03/2017 16:56:00,"77,69","64,2"
07/03/2017 16:56:00,"76,7","63,82"
08/03/2017 16:56:00,"78,04","62,63"
09/03/2017 16:56:00,"78,76","62,37"
10/03/2017 16:56:00,"77,65","62,55"
13/03/2017 16:56:00,"77,83","63,47"
14/03/2017 16:56:00,"78,16","62,75"
15/03/2017 16:56:00,"77,4","64,11"
16/03/2017 16:56:00,"77,3","63,42"
17/03/2017 16:56:00,"76,95","62,21"
20/03/2017 16:56:00,76,"62,81"
21/03/2017 16:56:00,"75,4","60,98"
22/03/2017 16:56:00,"75,83","61,37"
23/03/2017 16:56:00,"76,6","61,54"
24/03/2017 16:56:00,"76,4","61,88"
27/03/2017 16:56:00,"76,2","62,28"
28/03/2017 16:56:00,"77,1","62,5"
29/03/2017 16:56:00,"76,6","63,48"
30/03/2017 16:56:00,"77,4","63,15"
31/03/2017 16:56:00,"76,5","62,78"
03/04/2017 16:56:00,"76,46","63,08"
04/04/2017 16:56:00,"76,09","63,72"
05/04/2017 16:56:00,"76,3","62,56"
06/04/2017 16:56:00,"77,15",62
07/04/2017 16:56:00,"77,29","62,27"
10/04/2017 16:56:00,"77,09","62,54"
11/04/2017 16:56:00,77,"62,42"
12/04/2017 16:56:00,"76,6","61,68"
13/04/2017 16:56:00,"76,36","60,8"
17/04/2017 16:56:00,"75,97","62,25"
18/04/2017 16:56:00,"76,05","61,95"
19/04/2017 16:56:00,"76,72","61,2"
20/04/2017 16:56:00,"77,35","61,51"
24/04/2017 16:56:00,"77,4","62,29"
25/04/2017 16:56:00,"78,43",63
26/04/2017 16:56:00,"78,83","62,8"
27/04/2017 16:56:00,"79,22","62,46"
28/04/2017 16:56:00,"78,9","63,19"
02/05/2017 16:56:00,"78,43","64,56"
03/05/2017 16:56:00,"78,61","63,96"
04/05/2017 16:56:00,"79,3","62,66"
05/05/2017 16:56:00,"79,29","63,66"
08/05/2017 16:56:00,"79,75","63,42"
09/05/2017 16:56:00,"79,59","64,17"
10/05/2017 16:56:00,"79,08","65,2"
11/05/2017 16:56:00,"78,56","65,35"
12/05/2017 16:56:00,"77,81","65,94"
15/05/2017 16:56:00,"77,82","66,27"
16/05/2017 16:56:00,"77,55","66,45"
17/05/2017 16:56:00,"76,9","65,33"
18/05/2017 16:56:00,"83,5","59,67"
19/05/2017 16:56:00,"80,7","60,61"
22/05/2017 16:56:00,"81,51","59,53"
23/05/2017 16:56:00,"81,65","60,74"
24/05/2017 16:56:00,"82,42","61,17"
25/05/2017 16:56:00,"82,44","61,29"
26/05/2017 16:56:00,"82,36","61,95"
29/05/2017 16:56:00,84,"61,74"
30/05/2017 16:56:00,"82,11","61,9"
31/05/2017 16:56:00,"81,36","60,56"
01/06/2017 16:56:00,"82,25","60,26"
02/06/2017 16:56:00,"82,67","60,35"
05/06/2017 16:56:00,"83,65","60,45"
06/06/2017 16:56:00,"83,13","60,95"
07/06/2017 16:56:00,"83,11","61,19"
08/06/2017 16:56:00,"82,85","60,71"
09/06/2017 16:56:00,"83,45","60,22"
12/06/2017 16:56:00,"83,91","59,65"
13/06/2017 16:56:00,"84,22","59,82"
14/06/2017 16:56:00,"83,51","59,89"
16/06/2017 16:56:00,"83,59","59,61"
19/06/2017 16:56:00,"84,3","60,09"
20/06/2017 16:56:00,"84,85","58,74"
21/06/2017 16:56:00,"84,83","58,78"
22/06/2017 16:56:00,"84,9","59,35"
23/06/2017 16:56:00,"84,95","59,1"
26/06/2017 16:56:00,84,"60,26"
27/06/2017 16:56:00,"83,7","59,75"
28/06/2017 16:56:00,"83,67","59,95"
29/06/2017 16:56:00,"83,47","60,1"
30/06/2017 16:56:00,"83,9","60,93"
03/07/2017 16:56:00,85,"61,09"
04/07/2017 16:56:00,"86,49","61,15"
05/07/2017 16:56:00,"83,61","61,05"
06/07/2017 16:56:00,"83,06","60,42"
07/07/2017 16:56:00,"83,15","60,5"
10/07/2017 16:56:00,"82,55","60,94"
11/07/2017 16:56:00,"82,29","61,7"
12/07/2017 16:56:00,"81,93","62,7"
13/07/2017 16:56:00,"81,9","63,2"
14/07/2017 16:56:00,"81,66","63,34"
17/07/2017 16:56:00,"81,75","63,06"
18/07/2017 16:56:00,"81,1","63,12"
19/07/2017 16:56:00,"81,36","63,09"
20/07/2017 16:56:00,"80,94","62,75"
21/07/2017 16:56:00,"81,14","62,53"
24/07/2017 16:56:00,"81,3","62,93"
25/07/2017 16:56:00,"81,89","63,48"
26/07/2017 16:56:00,"81,4","62,81"
27/07/2017 16:56:00,"81,4","63,05"
28/07/2017 16:56:00,"80,96","63,39"
31/07/2017 16:56:00,"80,55","63,72"
01/08/2017 16:56:00,"80,86","64,23"
02/08/2017 16:56:00,"80,77","64,92"
03/08/2017 16:56:00,"80,5","64,45"
04/08/2017 16:56:00,"80,94","64,71"
07/08/2017 16:56:00,"80,92","65,63"
08/08/2017 16:56:00,"80,98","65,66"
09/08/2017 16:56:00,"81,53","65,44"
10/08/2017 16:56:00,"80,95","64,73"
11/08/2017 16:56:00,"81,1","65,1"
14/08/2017 16:56:00,"82,24","66,02"
15/08/2017 16:56:00,"81,85","66,08"
16/08/2017 16:56:00,"81,27","66,42"
17/08/2017 16:56:00,"80,81","65,8"
18/08/2017 16:56:00,"79,8","66,47"
21/08/2017 16:56:00,"80,52","66,45"
22/08/2017 16:56:00,"81,38","67,78"
23/08/2017 16:56:00,"80,3","68,2"
24/08/2017 16:56:00,"80,4","68,84"
25/08/2017 16:56:00,"80,74","68,65"
28/08/2017 16:56:00,"80,9","68,72"
29/08/2017 16:56:00,"81,08","68,98"
30/08/2017 16:56:00,"81,35","68,53"
31/08/2017 16:56:00,"81,35","68,41"
01/09/2017 16:56:00,"81,59","69,51"
04/09/2017 16:56:00,"81,65","69,84"
05/09/2017 16:56:00,"80,22","69,76"
06/09/2017 16:56:00,"80,25","70,95"
08/09/2017 16:56:00,"79,87","70,71"
11/09/2017 16:56:00,"80,83","71,93"
12/09/2017 16:56:00,"81,83","72,1"
13/09/2017 16:56:00,"81,93","72,27"
14/09/2017 16:56:00,"81,4","71,97"
15/09/2017 16:56:00,"81,55","73,14"
18/09/2017 16:56:00,"82,18","73,5"
19/09/2017 16:56:00,"82,24","73,45"
20/09/2017 16:56:00,"82,32","73,46"
21/09/2017 16:56:00,"82,21","73,07"
22/09/2017 16:56:00,"81,86","72,82"
25/09/2017 16:56:00,"82,46","71,9"
26/09/2017 16:56:00,"82,68","71,85"
27/09/2017 16:56:00,"83,75","71,34"
28/09/2017 16:56:00,"83,5","71,08"
29/09/2017 16:56:00,"83,45","71,58"
02/10/2017 16:56:00,"83,53","71,82"
03/10/2017 16:56:00,"83,36","74,16"
04/10/2017 16:56:00,"83,06","74,02"
05/10/2017 16:56:00,"84,09","74,04"
06/10/2017 16:56:00,"84,1","73,51"
09/10/2017 16:56:00,"84,79","73,21"
10/10/2017 16:56:00,"84,88","74,24"
11/10/2017 16:56:00,"84,69","74,13"
13/10/2017 16:56:00,"84,1","74,45"
16/10/2017 16:56:00,"84,81","74,34"
17/10/2017 16:56:00,"84,6","73,71"
18/10/2017 16:56:00,"85,06","74,09"
19/10/2017 16:56:00,"84,95","73,79"
20/10/2017 16:56:00,"86,02","73,6"
24/10/2017 16:56:00,"87,25","73,86"
25/10/2017 16:56:00,"86,51","74,01"
26/10/2017 16:56:00,"88,26","73,05"
27/10/2017 16:56:00,"87,33","73,37"
30/10/2017 16:56:00,"88,25","72,35"
31/10/2017 16:56:00,"88,06","71,77"
01/11/2017 16:56:00,"88,1","71,27"
03/11/2017 16:56:00,"89,65","71,3"
06/11/2017 16:56:00,"88,35","71,79"
07/11/2017 16:56:00,"88,8","69,97"
08/11/2017 16:56:00,"88,38","71,93"
09/11/2017 16:56:00,"87,8","70,5"
10/11/2017 16:56:00,"88,95","69,97"
13/11/2017 16:56:00,"88,65","70,48"
14/11/2017 16:56:00,"89,55","68,46"
16/11/2017 16:56:00,"88,95","70,17"
17/11/2017 16:56:00,"88,35","70,91"
21/11/2017 16:56:00,"88,73",72
22/11/2017 16:56:00,"87,89","71,9"
23/11/2017 16:56:00,"88,93","71,93"
24/11/2017 16:56:00,88,"71,63"
27/11/2017 16:56:00,"88,1","71,59"
28/11/2017 16:56:00,"88,49","71,86"
29/11/2017 16:56:00,89,"70,25"
30/11/2017 16:56:00,"90,5","69,4"
01/12/2017 16:56:00,"90,11","69,67"
04/12/2017 16:56:00,"90,15","70,53"
05/12/2017 16:56:00,"89,6",70
06/12/2017 16:56:00,"89,45","72,98"
07/12/2017 16:56:00,"91,11",70
08/12/2017 16:56:00,"91,47","70,12"
11/12/2017 16:56:00,"92,12","70,44"
12/12/2017 16:56:00,"92,85","71,4"
13/12/2017 16:56:00,"92,99","70,38"
14/12/2017 16:56:00,"93,02",70
15/12/2017 16:56:00,"92,95","69,95"
18/12/2017 16:56:00,"93,05","70,67"
19/12/2017 16:56:00,"92,55","70,17"
20/12/2017 16:56:00,"92,66","70,9"
21/12/2017 16:56:00,"93,27","72,54"
22/12/2017 16:56:00,"93,95","72,7"
26/12/2017 16:56:00,"93,05","73,25"
27/12/2017 16:56:00,"93,28","73,65"
28/12/2017 16:56:00,"93,55","73,82"
02/01/2018 16:56:00,"92,12","75,1"
03/01/2018 16:56:00,"92,1","75,3"
04/01/2018 16:56:00,"92,42",76
05/01/2018 16:56:00,"92,8","76,44"
08/01/2018 16:56:00,"93,36","76,76"
09/01/2018 16:56:00,"93,95","76,16"
10/01/2018 16:56:00,"93,28","75,6"
11/01/2018 16:56:00,"93,25","76,66"
12/01/2018 16:56:00,"93,7","76,67"
15/01/2018 16:56:00,"95,11","77,07"
16/01/2018 16:56:00,"94,09","77,06"
17/01/2018 16:56:00,"94,95","78,41"
18/01/2018 16:56:00,"94,5","78,1"
19/01/2018 16:56:00,"94,18","78,42"
22/01/2018 16:56:00,95,"78,84"
23/01/2018 16:56:00,"96,52","77,8"
24/01/2018 16:56:00,"93,8","80,83"
26/01/2018 16:56:00,"94,69","82,65"
29/01/2018 16:56:00,"94,83","81,78"
30/01/2018 16:56:00,"94,27","81,61"
31/01/2018 16:56:00,"94,3",82
01/02/2018 16:56:00,"93,91","82,55"
02/02/2018 16:56:00,"93,65","81,24"
05/02/2018 16:56:00,"91,6","79,2"
06/02/2018 16:56:00,"91,5","81,15"
07/02/2018 16:56:00,"92,6","79,96"
08/02/2018 16:56:00,"90,61","78,7"
09/02/2018 16:56:00,"89,3","78,17"
14/02/2018 16:56:00,"91,3","80,6"
15/02/2018 16:56:00,"92,6","81,4"
16/02/2018 16:56:00,"92,95","81,56"
19/02/2018 16:56:00,93,"81,86"
20/02/2018 16:56:00,"92,8","82,94"
21/02/2018 16:56:00,"92,67","83,04"
22/02/2018 16:56:00,"92,4","83,75"
23/02/2018 16:56:00,"93,45","84,29"
26/02/2018 16:56:00,"94,2","84,72"
27/02/2018 16:56:00,"93,7","84,09"
28/02/2018 16:56:00,"92,6","82,5"
01/03/2018 16:56:00,"91,6","82,52"
02/03/2018 16:56:00,"92,15","82,95"
05/03/2018 16:56:00,"92,73","82,9"
06/03/2018 16:56:00,"92,19","82,69"
07/03/2018 16:56:00,"92,97","82,6"
08/03/2018 16:56:00,94,"82,14"
09/03/2018 16:56:00,"95,35","83,4"
12/03/2018 16:56:00,"95,34","83,95"
13/03/2018 16:56:00,"94,87","83,5"
14/03/2018 16:56:00,"94,35","83,14"
15/03/2018 16:56:00,"95,15","82,07"
16/03/2018 16:56:00,"94,79","82,01"
19/03/2018 16:56:00,"93,84","81,09"
20/03/2018 16:56:00,"94,67","81,4"
21/03/2018 16:56:00,"93,45","82,09"
22/03/2018 16:56:00,"91,75","81,79"
23/03/2018 16:56:00,"89,88","81,58"
26/03/2018 16:56:00,"92,25","82,23"
27/03/2018 16:56:00,"91,28","80,98"
28/03/2018 16:56:00,"91,1","81,02"
29/03/2018 16:56:00,"91,66","82,43"
02/04/2018 16:56:00,"89,96","81,85"
03/04/2018 16:56:00,"91,6","81,75"
04/04/2018 16:56:00,"92,75","81,4"
05/04/2018 16:56:00,"93,5","82,37"
06/04/2018 16:56:00,92,"81,94"
09/04/2018 16:56:00,"93,94","80,42"
10/04/2018 16:56:00,"95,3","81,56"
11/04/2018 16:56:00,"94,09","82,45"
12/04/2018 16:56:00,"95,48","82,43"
13/04/2018 16:56:00,"95,7","81,3"
16/04/2018 16:56:00,"96,12","79,98"
17/04/2018 16:56:00,"97,14","81,11"
18/04/2018 16:56:00,"96,35","82,7"
19/04/2018 16:56:00,96,"82,9"
20/04/2018 16:56:00,"95,9","82,74"
23/04/2018 16:56:00,"96,89","82,7"
24/04/2018 16:56:00,"96,12","82,48"
25/04/2018 16:56:00,"96,82","82,08"
26/04/2018 16:56:00,"97,55","83,51"
27/04/2018 16:56:00,"97,2","83,47"
30/04/2018 16:56:00,"97,6","83,18"
02/05/2018 16:56:00,"98,5","81,71"
03/05/2018 16:56:00,"97,45","80,49"
04/05/2018 16:56:00,"98,65","80,26"
07/05/2018 16:56:00,"99,89","79,82"
08/05/2018 16:56:00,"100,43","80,22"
09/05/2018 16:56:00,"102,1","81,35"
10/05/2018 16:56:00,"101,72","82,87"
11/05/2018 16:56:00,"103,5","82,29"
14/05/2018 16:56:00,"104,2","82,39"
15/05/2018 16:56:00,"104,64","82,21"
16/05/2018 16:56:00,"105,5","83,42"
17/05/2018 16:56:00,"106,15","80,78"
18/05/2018 16:56:00,"106,85","80,21"
21/05/2018 16:56:00,"106,1","79,2"
22/05/2018 16:56:00,"104,55",80
23/05/2018 16:56:00,"104,3","78,25"
24/05/2018 16:56:00,"104,86","77,45"
28/05/2018 16:56:00,"107,25","72,69"
29/05/2018 16:56:00,"107,32","73,4"
30/05/2018 16:56:00,"107,37","74,07"
01/06/2018 16:56:00,"108,7","74,62"
04/06/2018 16:56:00,"108,39","75,85"
05/06/2018 16:56:00,"110,31","74,1"
06/06/2018 16:56:00,"113,25","73,47"
07/06/2018 16:56:00,"114,6","71,37"
08/06/2018 16:56:00,"108,72","70,4"
11/06/2018 16:56:00,"109,11","69,86"
12/06/2018 16:56:00,109,"70,27"
13/06/2018 16:56:00,"108,81","69,75"
14/06/2018 16:56:00,"112,05","68,8"
15/06/2018 16:56:00,"109,35","68,11"
18/06/2018 16:56:00,"110,22","67,52"
19/06/2018 16:56:00,"109,2","68,81"
20/06/2018 16:56:00,"110,6","69,51"
21/06/2018 16:56:00,"109,22","67,66"
22/06/2018 16:56:00,110,"68,18"
25/06/2018 16:56:00,"108,5","68,6"
26/06/2018 16:56:00,"109,03",69
27/06/2018 16:56:00,"110,2",68
28/06/2018 16:56:00,"110,54","69,4"
29/06/2018 16:56:00,111,"70,35"
02/07/2018 16:56:00,"112,35","70,3"
03/07/2018 16:56:00,"113,5","71,1"
04/07/2018 16:56:00,"112,04","72,11"
05/07/2018 16:56:00,"113,55","71,87"
06/07/2018 16:56:00,"112,7","72,45"
10/07/2018 16:56:00,"111,85","72,35"
11/07/2018 16:56:00,"113,3","71,76"
12/07/2018 16:56:00,"114,71","73,26"
13/07/2018 16:56:00,"113,7","74,01"
16/07/2018 16:56:00,"114,2","73,95"
17/07/2018 16:56:00,"114,02","75,37"
18/07/2018 16:56:00,"114,15","74,66"
19/07/2018 16:56:00,"113,65","74,65"
20/07/2018 16:56:00,"111,85","75,8"
23/07/2018 16:56:00,"111,75","75,25"
24/07/2018 16:56:00,"111,65","76,5"
25/07/2018 16:56:00,"111,35","77,37"
26/07/2018 16:56:00,"111,8","76,62"
27/07/2018 16:56:00,"110,4","77,13"
30/07/2018 16:56:00,"110,5","77,42"
31/07/2018 16:56:00,"111,58","76,45"
01/08/2018 16:56:00,"111,75","76,46"
02/08/2018 16:56:00,"112,29","76,95"
03/08/2018 16:56:00,"111,2","78,66"
06/08/2018 16:56:00,112,"78,24"
07/08/2018 16:56:00,"113,4","77,49"
08/08/2018 16:56:00,"113,45","76,32"
09/08/2018 16:56:00,"114,7","75,96"
10/08/2018 16:56:00,"115,4","73,8"
13/08/2018 16:56:00,"115,8","74,89"
14/08/2018 16:56:00,"115,8","75,9"
15/08/2018 16:56:00,"115,95","74,39"
16/08/2018 16:56:00,117,"74,14"
17/08/2018 16:56:00,"117,8","73,35"
20/08/2018 16:56:00,"119,42","73,68"
21/08/2018 16:56:00,"122,05","72,51"
22/08/2018 16:56:00,"122,61","74,15"
23/08/2018 16:56:00,"124,35","73,03"
24/08/2018 16:56:00,"124,6","73,68"
27/08/2018 16:56:00,"124,85","75,1"
28/08/2018 16:56:00,"126,12","74,79"
29/08/2018 16:56:00,"126,7","75,68"
30/08/2018 16:56:00,"127,15","73,74"
31/08/2018 16:56:00,"125,2","74,12"
03/09/2018 16:56:00,130,"73,48"
04/09/2018 16:56:00,"127,16","72,07"
05/09/2018 16:56:00,"126,35","72,42"
06/09/2018 16:56:00,"124,8","74,1"
10/09/2018 16:56:00,"124,75",74
11/09/2018 16:56:00,"126,85","72,13"
12/09/2018 16:56:00,"126,7","72,57"
13/09/2018 16:56:00,"128,15","72,02"
14/09/2018 16:56:00,"128,35","72,81"
17/09/2018 16:56:00,"126,2","74,07"
18/09/2018 16:56:00,"127,33","75,35"
19/09/2018 16:56:00,"127,5","75,27"
20/09/2018 16:56:00,"126,45","75,33"
21/09/2018 16:56:00,"125,55","76,5"
24/09/2018 16:56:00,"126,35","75,2"
25/09/2018 16:56:00,"125,51","75,88"
26/09/2018 16:56:00,"123,7","75,85"
27/09/2018 16:56:00,"122,85","77,07"
28/09/2018 16:56:00,"124,1","76,61"
01/10/2018 16:56:00,"124,16","75,8"
02/10/2018 16:56:00,"121,4","78,78"
03/10/2018 16:56:00,"120,2","80,29"
04/10/2018 16:56:00,"119,54","79,88"
05/10/2018 16:56:00,"117,72","79,45"
08/10/2018 16:56:00,115,"83,64"
09/10/2018 16:56:00,"113,6",83
10/10/2018 16:56:00,111,"80,73"
11/10/2018 16:56:00,"109,12","80,15"
15/10/2018 16:56:00,"109,1","80,46"
16/10/2018 16:56:00,"110,75","82,6"
17/10/2018 16:56:00,"109,45","82,72"
19/10/2018 16:56:00,"108,56","81,22"
22/10/2018 16:56:00,"107,45","82,62"
23/10/2018 16:56:00,"107,2","82,29"
24/10/2018 16:56:00,"105,35","80,15"
25/10/2018 16:56:00,"106,2","81,03"
26/10/2018 16:56:00,103,"82,71"
29/10/2018 16:56:00,"104,05","80,81"
30/10/2018 16:56:00,"104,9","83,76"
31/10/2018 16:56:00,"106,95","84,08"
01/11/2018 16:56:00,"107,19","85,25"
05/11/2018 16:56:00,"108,4","86,1"
06/11/2018 16:56:00,109,"85,28"
07/11/2018 16:56:00,"111,8","84,59"
08/11/2018 16:56:00,"110,9","82,6"
09/11/2018 16:56:00,"109,25","82,52"
12/11/2018 16:56:00,"109,3","82,35"
13/11/2018 16:56:00,"110,2","81,64"
14/11/2018 16:56:00,"109,08","82,65"
16/11/2018 16:56:00,"108,52","85,3"
19/11/2018 16:56:00,"107,75","84,3"
21/11/2018 16:56:00,"107,1","84,28"
22/11/2018 16:56:00,"107,3","84,3"
23/11/2018 16:56:00,106,"83,03"
26/11/2018 16:56:00,"111,14","82,34"
27/11/2018 16:56:00,"110,05","84,49"
28/11/2018 16:56:00,"111,5",86
29/11/2018 16:56:00,"112,49","86,38"
30/11/2018 16:56:00,"112,9","86,37"
03/12/2018 16:56:00,"113,42","86,49"
04/12/2018 16:56:00,"110,9","85,23"
05/12/2018 16:56:00,112,"86,03"
06/12/2018 16:56:00,"109,85","85,54"
07/12/2018 16:56:00,"109,15","84,93"
10/12/2018 16:56:00,"109,55","82,86"
11/12/2018 16:56:00,"109,55","83,5"
12/12/2018 16:56:00,"109,2","83,9"
13/12/2018 16:56:00,"109,12","84,28"
14/12/2018 16:56:00,"108,35","84,21"
17/12/2018 16:56:00,"105,67","83,24"
18/12/2018 16:56:00,"105,45","83,5"
19/12/2018 16:56:00,"104,15","82,5"
20/12/2018 16:56:00,101,"82,42"
21/12/2018 16:56:00,"100,65","82,44"
26/12/2018 16:56:00,"100,5","82,14"
27/12/2018 16:56:00,"99,65","82,65"
28/12/2018 16:56:00,"102,7","84,6"
02/01/2019 16:56:00,"100,52","87,9"
03/01/2019 16:56:00,"97,99",88
04/01/2019 16:56:00,"99,7","88,5"
07/01/2019 16:56:00,"101,15","88,48"
08/01/2019 16:56:00,"101,2","88,83"
09/01/2019 16:56:00,"101,26","90,32"
10/01/2019 16:56:00,"102,01","90,42"
11/01/2019 16:56:00,102,"90,38"
14/01/2019 16:56:00,"101,8","91,21"
15/01/2019 16:56:00,103,"90,61"
16/01/2019 16:56:00,"104,15","91,15"
17/01/2019 16:56:00,"104,53","91,97"
18/01/2019 16:56:00,"105,96","92,61"
21/01/2019 16:56:00,"105,7","92,64"
22/01/2019 16:56:00,"105,45","91,4"
23/01/2019 16:56:00,"104,85","93,1"
24/01/2019 16:56:00,"105,84","94,17"
28/01/2019 16:56:00,"105,52","92,08"
29/01/2019 16:56:00,"104,09","92,19"
30/01/2019 16:56:00,"104,75","93,52"
31/01/2019 16:56:00,"104,52",94
01/02/2019 16:56:00,"104,9","94,36"
04/02/2019 16:56:00,"105,68","95,03"
05/02/2019 16:56:00,"106,47","94,8"
06/02/2019 16:56:00,"107,24","91,27"
07/02/2019 16:56:00,"106,57",91
08/02/2019 16:56:00,"106,8","91,7"
11/02/2019 16:56:00,"107,9","90,99"
12/02/2019 16:56:00,"108,59","92,45"
13/02/2019 16:56:00,"110,09","92,6"
14/02/2019 16:56:00,"108,92","94,34"
15/02/2019 16:56:00,"108,9","94,04"
19/02/2019 16:56:00,"109,74","92,98"
20/02/2019 16:56:00,"110,25","93,78"
21/02/2019 16:56:00,"111,18","93,17"
22/02/2019 16:56:00,"110,99","93,58"
25/02/2019 16:56:00,"111,42","94,44"
26/02/2019 16:56:00,"111,45","93,77"
27/02/2019 16:56:00,"110,79","94,12"
28/02/2019 16:56:00,"111,25","93,84"
01/03/2019 16:56:00,"112,46","91,85"
06/03/2019 16:56:00,"112,85","91,08"
07/03/2019 16:56:00,"113,16","90,76"
08/03/2019 16:56:00,"112,88","91,05"
11/03/2019 16:56:00,"113,94","91,85"
12/03/2019 16:56:00,"113,47","94,55"
13/03/2019 16:56:00,114,"94,4"
14/03/2019 16:56:00,"114,99","95,31"
15/03/2019 16:56:00,"114,52","94,95"
18/03/2019 16:56:00,"114,45","95,53"
19/03/2019 16:56:00,"114,25","96,38"
20/03/2019 16:56:00,"112,44","96,06"
21/03/2019 16:56:00,"115,26","94,35"
22/03/2019 16:56:00,"116,31","93,01"
25/03/2019 16:56:00,"114,89","90,25"
26/03/2019 16:56:00,"116,08","90,35"
27/03/2019 16:56:00,"117,87","91,91"
28/03/2019 16:56:00,"116,87","88,1"
29/03/2019 16:56:00,"118,15","91,02"
01/04/2019 16:56:00,"118,18","91,81"
02/04/2019 16:56:00,"117,95","92,35"
03/04/2019 16:56:00,"118,65","91,83"
04/04/2019 16:56:00,"117,95","91,16"
05/04/2019 16:56:00,"118,99","92,87"
08/04/2019 16:56:00,"118,42","93,56"
09/04/2019 16:56:00,118,"93,78"
10/04/2019 16:56:00,"117,45","92,7"
11/04/2019 16:56:00,"118,55","92,49"
12/04/2019 16:56:00,"120,8","91,38"
15/04/2019 16:56:00,"119,6","89,51"
16/04/2019 16:56:00,"120,69","89,81"
17/04/2019 16:56:00,"121,65",91
18/04/2019 16:56:00,"121,85",90
22/04/2019 16:56:00,"121,82","91,16"
23/04/2019 16:56:00,"122,4","91,2"
24/04/2019 16:56:00,124,"92,37"
25/04/2019 16:56:00,"123,88","91,6"
26/04/2019 16:56:00,"122,68","92,9"
29/04/2019 16:56:00,"123,8","92,63"
30/04/2019 16:56:00,"122,85","92,72"
02/05/2019 16:56:00,"122,69","92,88"
03/05/2019 16:56:00,"123,35","92,08"
06/05/2019 16:56:00,"123,24","92,6"
07/05/2019 16:56:00,122,"91,61"
08/05/2019 16:56:00,"120,7","90,98"
09/05/2019 16:56:00,"120,93","92,11"
10/05/2019 16:56:00,"121,18","91,37"
13/05/2019 16:56:00,"119,01","90,8"
14/05/2019 16:56:00,"120,07","88,31"
15/05/2019 16:56:00,121,"88,76"
16/05/2019 16:56:00,"123,59","87,87"
17/05/2019 16:56:00,"125,91","86,56"
20/05/2019 16:56:00,"123,9","86,74"
21/05/2019 16:56:00,"123,3","88,83"
22/05/2019 16:56:00,"123,3","91,19"
23/05/2019 16:56:00,"121,74","90,96"
24/05/2019 16:56:00,"121,29","90,43"
27/05/2019 16:56:00,"121,5","90,25"
28/05/2019 16:56:00,"120,5","91,5"
29/05/2019 16:56:00,"117,77","92,85"
30/05/2019 16:56:00,"118,25","93,06"
31/05/2019 16:56:00,"115,05","93,96"
03/06/2019 16:56:00,"113,58","93,59"
04/06/2019 16:56:00,"115,1","93,48"
05/06/2019 16:56:00,"117,38","93,8"
06/06/2019 16:56:00,"117,8","92,64"
07/06/2019 16:56:00,"118,78","93,69"
10/06/2019 16:56:00,"119,61","94,22"
11/06/2019 16:56:00,"118,76","93,85"
12/06/2019 16:56:00,"118,65","95,42"
13/06/2019 16:56:00,"118,91","94,66"
14/06/2019 16:56:00,"120,09","95,14"
17/06/2019 16:56:00,"120,09","94,51"
18/06/2019 16:56:00,"120,15","94,25"
19/06/2019 16:56:00,"120,09","95,77"
21/06/2019 16:56:00,"119,77","96,63"
24/06/2019 16:56:00,"120,21","98,22"
25/06/2019 16:56:00,"119,7","98,31"
26/06/2019 16:56:00,"119,05","96,36"
27/06/2019 16:56:00,"119,29","96,85"
28/06/2019 16:56:00,"119,7","97,07"
01/07/2019 16:56:00,"121,62","97,11"
02/07/2019 16:56:00,"122,25","97,45"
03/07/2019 16:56:00,"121,07","96,77"
04/07/2019 16:56:00,"122,8","98,32"
05/07/2019 16:56:00,"122,5",100
08/07/2019 16:56:00,"121,8","100,27"
10/07/2019 16:56:00,"120,5","100,56"
11/07/2019 16:56:00,"119,82","101,96"
12/07/2019 16:56:00,"120,05","101,21"
15/07/2019 16:56:00,"120,75","100,05"
16/07/2019 16:56:00,"120,39","100,04"
17/07/2019 16:56:00,"119,75","99,9"
18/07/2019 16:56:00,"119,01","100,01"
19/07/2019 16:56:00,"119,1","100,7"
22/07/2019 16:56:00,"118,99","99,6"
23/07/2019 16:56:00,"121,1",100
24/07/2019 16:56:00,"121,32","100,1"
25/07/2019 16:56:00,"121,25","100,39"
26/07/2019 16:56:00,"121,8","98,8"
29/07/2019 16:56:00,"121,9","99,15"
30/07/2019 16:56:00,"120,6","99,56"
31/07/2019 16:56:00,"121,11","99,12"
01/08/2019 16:56:00,"122,05","97,98"
02/08/2019 16:56:00,"121,9","98,43"
05/08/2019 16:56:00,"119,99","98,78"
06/08/2019 16:56:00,"121,89","96,47"
07/08/2019 16:56:00,"122,45","98,44"
08/08/2019 16:56:00,"123,32","99,05"
09/08/2019 16:56:00,"122,99","100,36"
12/08/2019 16:56:00,"122,67","100,24"
13/08/2019 16:56:00,"124,23","98,16"
14/08/2019 16:56:00,"122,7","99,52"
15/08/2019 16:56:00,"121,52","96,65"
16/08/2019 16:56:00,"123,8","95,38"
19/08/2019 16:56:00,"127,11","96,15"
20/08/2019 16:56:00,"125,89","95,77"
21/08/2019 16:56:00,"127,5","95,54"
22/08/2019 16:56:00,"127,5","97,53"
23/08/2019 16:56:00,"125,63","96,35"
26/08/2019 16:56:00,"127,62","94,02"
27/08/2019 16:56:00,"127,25","92,65"
28/08/2019 16:56:00,"126,52","93,65"
29/08/2019 16:56:00,"130,5","94,58"
30/08/2019 16:56:00,"129,08","96,86"
02/09/2019 16:56:00,"129,55","97,61"
03/09/2019 16:56:00,"130,08","96,76"
04/09/2019 16:56:00,"129,27","95,9"
05/09/2019 16:56:00,"131,02","97,37"
06/09/2019 16:56:00,"129,99","98,44"
09/09/2019 16:56:00,"130,91","99,13"
10/09/2019 16:56:00,"130,27","99,33"
11/09/2019 16:56:00,"130,5","99,19"
12/09/2019 16:56:00,"130,98","99,75"
13/09/2019 16:56:00,"131,5","100,36"
16/09/2019 16:56:00,"131,31","99,58"
17/09/2019 16:56:00,"131,21","99,8"
18/09/2019 16:56:00,"131,71","100,76"
19/09/2019 16:56:00,"133,82","100,63"
20/09/2019 16:56:00,"133,08","100,44"
23/09/2019 16:56:00,"133,25","100,76"
24/09/2019 16:56:00,"132,23","100,78"
25/09/2019 16:56:00,"131,1",100
26/09/2019 16:56:00,"132,75","100,45"
27/09/2019 16:56:00,"131,52","101,43"
30/09/2019 16:56:00,"132,32","101,24"
01/10/2019 16:56:00,"130,85","101,01"
02/10/2019 16:56:00,"127,71","100,06"
03/10/2019 16:56:00,"126,25","97,15"
04/10/2019 16:56:00,"127,8","97,72"
07/10/2019 16:56:00,"128,59","98,69"
08/10/2019 16:56:00,"126,03","96,8"
09/10/2019 16:56:00,"128,18","96,15"
10/10/2019 16:56:00,"129,89","97,5"
11/10/2019 16:56:00,"130,13","98,08"
14/10/2019 16:56:00,"130,7","99,97"
15/10/2019 16:56:00,"133,65","100,35"
16/10/2019 16:56:00,"132,54","100,58"
17/10/2019 16:56:00,"133,15","101,4"
18/10/2019 16:56:00,"131,4","101,05"
21/10/2019 16:56:00,"132,9","100,75"
22/10/2019 16:56:00,"130,65",102
23/10/2019 16:56:00,"129,65","103,24"
24/10/2019 16:56:00,"129,9","103,4"
25/10/2019 16:56:00,"129,72",103
28/10/2019 16:56:00,"129,6","103,37"
29/10/2019 16:56:00,"129,82","103,95"
30/10/2019 16:56:00,"129,99","103,5"
31/10/2019 16:56:00,130,"104,29"
01/11/2019 16:56:00,"129,93","103,23"
04/11/2019 16:56:00,"132,15","104,27"
05/11/2019 16:56:00,"131,15","104,63"
06/11/2019 16:56:00,"133,85","104,67"
07/11/2019 16:56:00,"135,6","104,35"
08/11/2019 16:56:00,"137,51","105,31"
11/11/2019 16:56:00,"137,17","103,4"
12/11/2019 16:56:00,"137,92","104,24"
13/11/2019 16:56:00,"138,53","102,45"
14/11/2019 16:56:00,"139,06","102,37"
18/11/2019 16:56:00,"140,9","102,55"
19/11/2019 16:56:00,"140,49",102
21/11/2019 16:56:00,"139,75","101,96"
22/11/2019 16:56:00,"139,85","103,5"
25/11/2019 16:56:00,"141,95","104,6"
26/11/2019 16:56:00,"142,93","104,25"
27/11/2019 16:56:00,"143,95","103,44"
28/11/2019 16:56:00,"142,99","103,68"
29/11/2019 16:56:00,"143,6","104,38"
02/12/2019 16:56:00,141,"104,35"
03/12/2019 16:56:00,"139,53","104,81"
04/12/2019 16:56:00,"140,37",105
05/12/2019 16:56:00,140,"106,1"
06/12/2019 16:56:00,"139,73","106,44"
09/12/2019 16:56:00,"139,45","106,93"
10/12/2019 16:56:00,"139,37","106,77"
11/12/2019 16:56:00,"138,8","106,58"
12/12/2019 16:56:00,"138,91","106,75"
13/12/2019 16:56:00,"139,72","107,85"
16/12/2019 16:56:00,"138,51","108,31"
17/12/2019 16:56:00,"139,2","107,72"
18/12/2019 16:56:00,139,"108,41"
19/12/2019 16:56:00,"138,2","110,16"
20/12/2019 16:56:00,"141,35","110,82"
23/12/2019 16:56:00,"141,55","110,84"
26/12/2019 16:56:00,"140,4","111,67"
27/12/2019 16:56:00,"140,35","112,81"
30/12/2019 16:56:00,"138,71","112,17"
02/01/2020 16:56:00,"140,6","111,23"
03/01/2020 17:50:00,"140,7","114,24"
07/01/2020 16:56:00,"141,3","113,8"
08/01/2020 16:56:00,"141,55","112,24"
09/01/2020 16:56:00,"143,4","111,95"
10/01/2020 16:56:00,"143,35","111,66"
13/01/2020 16:56:00,"146,05","111,28"
14/01/2020 16:56:00,"145,44","113,08"
15/01/2020 16:56:00,"147,5","113,32"
16/01/2020 16:56:00,"148,86","112,18"
17/01/2020 16:56:00,"148,55","112,35"
21/01/2020 16:56:00,"150,03","114,1"
22/01/2020 16:56:00,"148,99","114,41"
23/01/2020 16:56:00,"148,75","112,65"
24/01/2020 16:56:00,"147,82","114,1"
27/01/2020 16:56:00,"146,06","115,21"
28/01/2020 16:56:00,147,114
29/01/2020 16:56:00,149,"110,29"
30/01/2020 16:56:00,"149,89","112,3"
31/01/2020 16:56:00,"148,1","110,88"
03/02/2020 16:56:00,"147,97","111,19"
04/02/2020 16:56:00,"150,6","108,9"
05/02/2020 16:56:00,"151,5","110,42"
06/02/2020 16:56:00,"153,5","111,21"
07/02/2020 16:56:00,"153,9","111,77"
10/02/2020 16:56:00,"155,6","110,95"
11/02/2020 16:56:00,"156,15","109,35"
12/02/2020 16:56:00,"157,5","108,79"
13/02/2020 16:56:00,"157,7","111,3"
14/02/2020 16:56:00,"155,67","112,45"
17/02/2020 16:56:00,"158,98","110,9"
18/02/2020 16:56:00,"157,76","110,08"
19/02/2020 16:56:00,"158,65","110,8"
20/02/2020 16:56:00,"158,9","111,14"
21/02/2020 16:56:00,"157,25","112,08"
26/02/2020 16:56:00,"148,02","110,2"
27/02/2020 16:56:00,"143,75","109,45"
28/02/2020 16:56:00,"141,56","101,9"
02/03/2020 16:56:00,"148,63","99,2"
03/03/2020 16:56:00,"145,4","100,6"
04/03/2020 16:56:00,154,"102,99"
05/03/2020 16:56:00,"150,05","101,75"
06/03/2020 16:56:00,"147,72","103,1"
09/03/2020 16:56:00,"138,8","98,79"
10/03/2020 16:56:00,144,"94,4"
11/03/2020 16:56:00,"139,15","82,7"
12/03/2020 16:56:00,127,"88,63"
13/03/2020 16:56:00,"140,05","82,06"
16/03/2020 16:56:00,"129,22","70,1"
17/03/2020 16:56:00,"136,5","79,49"
18/03/2020 16:56:00,"133,5","68,4"
19/03/2020 16:56:00,"131,25",71
20/03/2020 16:56:00,125,"65,01"
23/03/2020 16:56:00,124,65
24/03/2020 16:56:00,135,"64,77"
25/03/2020 16:56:00,"134,15","61,14"
26/03/2020 16:56:00,"141,15","67,4"
27/03/2020 16:56:00,"139,4","71,73"
30/03/2020 16:56:00,146,"74,57"
31/03/2020 16:56:00,"144,62","70,22"
01/04/2020 16:56:00,"140,5","71,97"
02/04/2020 16:56:00,"143,5","69,35"
03/04/2020 16:56:00,"143,5","68,18"
06/04/2020 16:56:00,"150,8","69,63"
07/04/2020 16:56:00,"149,65","66,9"
08/04/2020 16:56:00,"151,8","71,57"
09/04/2020 16:56:00,"152,72","73,51"
13/04/2020 16:56:00,"153,98","75,73"
14/04/2020 16:56:00,"158,55","74,87"
15/04/2020 16:56:00,"157,05","75,96"
16/04/2020 16:56:00,"160,85","76,85"
17/04/2020 16:56:00,"162,1","76,05"
20/04/2020 16:56:00,"161,2","74,93"
22/04/2020 16:56:00,"163,1",76
23/04/2020 16:56:00,"166,52","75,66"
24/04/2020 16:56:00,"172,65","77,7"
27/04/2020 16:56:00,"174,97","76,65"
28/04/2020 16:56:00,"170,15","72,41"
29/04/2020 16:56:00,"168,8","75,29"
30/04/2020 16:56:00,"170,5","78,3"
04/05/2020 16:56:00,"169,2","80,18"
05/05/2020 16:56:00,"172,24","77,21"
06/05/2020 16:56:00,"174,65","76,1"
07/05/2020 16:56:00,183,"76,54"
08/05/2020 16:56:00,"180,75","76,2"
11/05/2020 16:56:00,"183,4","75,4"
12/05/2020 16:56:00,"181,2","77,43"
13/05/2020 16:56:00,"179,1","76,14"
14/05/2020 16:56:00,"178,12",75
15/05/2020 16:56:00,180,"75,15"
18/05/2020 16:56:00,"182,07","76,25"
19/05/2020 16:56:00,184,"74,56"
20/05/2020 16:56:00,"182,2","78,03"
21/05/2020 16:56:00,"176,85","77,65"
22/05/2020 16:56:00,"176,75","78,45"
25/05/2020 16:56:00,176,"79,97"
26/05/2020 16:56:00,"172,15","79,94"
27/05/2020 16:56:00,"172,9","82,6"
28/05/2020 16:56:00,"175,9","82,45"
29/05/2020 16:56:00,"175,65","84,68"
01/06/2020 16:56:00,"177,15","83,65"
02/06/2020 16:56:00,"173,5","84,15"
03/06/2020 16:56:00,"171,3","85,33"
04/06/2020 16:56:00,"171,98","87,78"
05/06/2020 16:56:00,"170,9","89,37"
08/06/2020 16:56:00,169,"90,31"
09/06/2020 16:56:00,"169,15","91,05"
10/06/2020 16:56:00,"170,51","93,95"
12/06/2020 16:56:00,"165,8","92,95"
15/06/2020 16:56:00,"169,8","91,17"
16/06/2020 16:56:00,"176,2","89,25"
17/06/2020 16:56:00,"176,25","89,07"
18/06/2020 16:56:00,"180,45",90
19/06/2020 16:56:00,"177,3","91,95"
22/06/2020 16:56:00,"176,75","92,63"
23/06/2020 16:56:00,"174,1","92,64"
24/06/2020 16:56:00,"175,21","91,75"
25/06/2020 16:56:00,"177,05","92,26"
26/06/2020 16:56:00,"177,3","90,77"
29/06/2020 16:56:00,"178,31","92,39"
30/06/2020 16:56:00,"181,72","90,22"
01/07/2020 16:56:00,"177,99","92,3"
02/07/2020 16:56:00,"181,24","91,62"
03/07/2020 16:56:00,182,"92,68"
06/07/2020 16:56:00,"183,45","92,5"
07/07/2020 16:56:00,"182,6","93,19"
08/07/2020 16:56:00,"182,8","95,31"
10/07/2020 16:56:00,"182,8","94,1"
13/07/2020 16:56:00,"183,37","96,1"
14/07/2020 16:56:00,"184,85","96,34"
15/07/2020 16:56:00,"187,7","95,05"
16/07/2020 16:56:00,"184,5","96,6"
17/07/2020 16:56:00,"187,25","98,03"
20/07/2020 16:56:00,"187,61","96,82"
21/07/2020 16:56:00,"183,2","99,13"
22/07/2020 16:56:00,"180,35","100,5"
23/07/2020 16:56:00,"182,12","100,29"
24/07/2020 16:56:00,"180,68","100,38"
27/07/2020 16:56:00,"179,7","98,4"
28/07/2020 16:56:00,"179,25","98,59"
29/07/2020 16:56:00,"182,22","100,46"
30/07/2020 16:56:00,"180,8","100,05"
31/07/2020 16:56:00,"183,68","101,48"
03/08/2020 16:56:00,"188,9","101,31"
04/08/2020 16:56:00,"188,05","99,29"
05/08/2020 16:56:00,"189,84","99,2"
06/08/2020 16:56:00,"192,4","97,6"
07/08/2020 16:56:00,"196,75","98,99"
10/08/2020 16:56:00,"198,39","100,17"
11/08/2020 16:56:00,"194,8","98,83"
12/08/2020 16:56:00,"198,4","99,54"
13/08/2020 16:56:00,196,"98,2"
14/08/2020 16:56:00,"197,8","98,33"
17/08/2020 16:56:00,"201,1","96,51"
18/08/2020 16:56:00,"200,34","97,47"
19/08/2020 16:56:00,"202,35","95,83"
20/08/2020 16:56:00,203,"98,25"
21/08/2020 16:56:00,207,97
24/08/2020 16:56:00,"207,3","97,67"
25/08/2020 16:56:00,"205,39","97,6"
26/08/2020 16:56:00,211,"98,5"
27/08/2020 16:56:00,"210,2","98,35"
28/08/2020 16:56:00,"205,2","96,63"
31/08/2020 16:56:00,"207,15","96,87"
01/09/2020 16:56:00,205,"98,3"
02/09/2020 16:56:00,"206,61","95,7"
03/09/2020 16:56:00,"198,01","98,35"
04/09/2020 16:56:00,"195,6","98,15"
08/09/2020 16:56:00,"192,46","96,96"
09/09/2020 16:56:00,"194,5","97,42"
10/09/2020 16:56:00,"192,4","96,8"
11/09/2020 16:56:00,"192,5","97,5"
14/09/2020 16:56:00,"192,4","95,04"
15/09/2020 16:56:00,"193,5","94,48"
16/09/2020 16:56:00,192,"96,51"
17/09/2020 16:56:00,"190,4","96,46"
18/09/2020 16:56:00,"193,8","95,91"
21/09/2020 16:56:00,"191,03","96,37"
22/09/2020 16:56:00,"195,8","94,64"
23/09/2020 16:56:00,"196,02","93,4"
24/09/2020 16:56:00,"193,02","93,67"
25/09/2020 16:56:00,198,"92,17"
28/09/2020 16:56:00,"204,5","93,3"
29/09/2020 16:56:00,"207,7","93,5"
30/09/2020 16:56:00,"203,98","91,2"
01/10/2020 16:56:00,"206,8","89,92"
02/10/2020 16:56:00,"205,4","91,05"
05/10/2020 16:56:00,"205,02","91,91"
06/10/2020 16:56:00,"203,45","90,11"
07/10/2020 16:56:00,"207,61","92,64"
08/10/2020 16:56:00,208,"92,03"
09/10/2020 16:56:00,"207,2","91,95"
13/10/2020 16:56:00,"212,4","94,27"
14/10/2020 16:56:00,"211,27","93,65"
15/10/2020 16:56:00,"211,92","94,8"
16/10/2020 16:56:00,"212,61","95,59"
19/10/2020 16:56:00,"207,86","95,34"
20/10/2020 16:56:00,"208,68","94,54"
21/10/2020 16:56:00,"208,3",95
22/10/2020 16:56:00,"209,2","96,67"
23/10/2020 16:56:00,"210,5","96,65"
26/10/2020 16:56:00,"206,94","98,06"
27/10/2020 16:56:00,"208,6","97,44"
28/10/2020 16:56:00,204,"97,23"
29/10/2020 16:56:00,"206,5","95,68"
30/10/2020 16:56:00,"202,6","91,56"
03/11/2020 16:56:00,210,"92,8"
04/11/2020 16:56:00,211,"90,66"
05/11/2020 16:56:00,"210,5","92,26"
06/11/2020 16:56:00,"204,3","94,16"
09/11/2020 16:56:00,"206,2","96,95"
10/11/2020 16:56:00,"208,1","97,19"
11/11/2020 16:56:00,210,"99,5"
12/11/2020 16:56:00,"209,5",101
13/11/2020 16:56:00,"212,5","100,89"
16/11/2020 16:56:00,"213,4","98,7"
17/11/2020 16:56:00,"211,01","100,83"
18/11/2020 16:56:00,"206,92","102,51"
19/11/2020 16:56:00,"205,1","103,1"
20/11/2020 16:56:00,"206,91","101,92"
23/11/2020 16:56:00,211,"102,73"
24/11/2020 16:56:00,"211,49","102,03"
25/11/2020 16:56:00,209,"103,28"
26/11/2020 16:56:00,"208,5","105,72"
27/11/2020 16:56:00,211,"105,83"
30/11/2020 16:56:00,210,"106,02"
01/12/2020 16:56:00,207,"106,44"
02/12/2020 16:56:00,"207,35",105
03/12/2020 16:56:00,205,"107,05"
04/12/2020 16:56:00,"205,9","107,75"
07/12/2020 16:56:00,"203,6","108,15"
08/12/2020 16:56:00,"205,4","109,43"
09/12/2020 16:56:00,"204,7","109,31"
10/12/2020 16:56:00,"199,8","109,44"
11/12/2020 16:56:00,"200,65","108,77"
14/12/2020 16:56:00,"201,2","110,7"
15/12/2020 16:56:00,"203,2","110,79"
16/12/2020 16:56:00,"203,3","110,2"
17/12/2020 16:56:00,203,"111,76"
18/12/2020 16:56:00,"203,05","113,35"
21/12/2020 16:56:00,"204,4","113,99"
22/12/2020 16:56:00,"205,01","113,5"
23/12/2020 16:56:00,"207,32","111,43"
28/12/2020 16:56:00,"211,5","112,25"
29/12/2020 16:56:00,210,"113,14"
30/12/2020 16:56:00,"210,04","114,7"
04/01/2021 16:56:00,"210,8","114,97"
05/01/2021 16:56:00,"212,9","114,65"
06/01/2021 16:56:00,"215,76","114,09"
07/01/2021 16:56:00,"222,35","114,69"
08/01/2021 16:56:00,224,"114,55"
11/01/2021 16:56:00,"226,5","118,37"
12/01/2021 19:30:00,219,"120,4"
13/01/2021 16:56:00,"218,5","118,62"
14/01/2021 16:56:00,"214,02","119,45"
15/01/2021 16:56:00,"215,4","117,36"
18/01/2021 16:56:00,"215,14","118,68"
19/01/2021 16:56:00,"220,24","115,78"
20/01/2021 16:56:00,"221,35","116,54"
21/01/2021 16:56:00,"223,83",116
22/01/2021 16:56:00,"226,9","115,24"
26/01/2021 16:56:00,"223,68","113,81"
27/01/2021 16:56:00,218,"113,18"
28/01/2021 16:56:00,"223,5","112,08"
29/01/2021 16:56:00,220,"110,96"
01/02/2021 16:56:00,"221,3","114,51"
02/02/2021 16:56:00,"222,23","110,56"
03/02/2021 16:56:00,223,"113,06"
04/02/2021 16:56:00,"227,6","113,85"
05/02/2021 16:56:00,"226,5","115,25"
08/02/2021 16:56:00,227,"114,62"
09/02/2021 16:56:00,228,"115,82"
10/02/2021 16:56:00,"228,3","115,18"
11/02/2021 16:56:00,"228,48","114,91"
12/02/2021 16:56:00,"229,4","113,92"
17/02/2021 16:56:00,230,"114,9"
18/02/2021 16:56:00,"229,8","115,05"
19/02/2021 16:56:00,228,"115,86"
22/02/2021 16:56:00,"229,5","114,61"
23/02/2021 16:56:00,228,"113,82"
24/02/2021 16:56:00,"230,75","108,25"
25/02/2021 16:56:00,"229,2","110,76"
26/02/2021 16:56:00,231,"111,46"
01/03/2021 16:56:00,"238,8","107,53"
02/03/2021 16:56:00,"238,4","105,59"
03/03/2021 16:56:00,"232,1","105,94"
04/03/2021 16:56:00,"231,3","107,5"
05/03/2021 16:56:00,237,"107,16"
08/03/2021 16:56:00,"243,25","108,57"
09/03/2021 16:56:00,"244,25","110,93"
10/03/2021 16:56:00,"240,68","105,35"
11/03/2021 16:56:00,"236,95","107,19"
12/03/2021 19:30:00,"237,2","108,63"
15/03/2021 16:56:00,242,"110,45"
16/03/2021 16:56:00,"241,95","109,68"
17/03/2021 16:56:00,"241,9","110,66"
18/03/2021 16:56:00,"236,9","109,69"
19/03/2021 16:56:00,"232,2","112,05"
22/03/2021 16:56:00,"236,25","110,5"
23/03/2021 16:56:00,"234,58","111,7"
24/03/2021 16:56:00,237,"110,69"
25/03/2021 16:56:00,"240,71","109,02"
26/03/2021 16:56:00,"246,8","107,87"
29/03/2021 16:56:00,"247,87","109,38"
30/03/2021 16:56:00,"247,5","110,28"
31/03/2021 16:56:00,"243,2","110,96"
01/04/2021 16:56:00,"249,4","112,43"
05/04/2021 16:56:00,"251,5","112,02"
06/04/2021 16:56:00,"247,99","110,68"
07/04/2021 16:56:00,"250,25","113,21"
08/04/2021 16:56:00,"248,5","113,27"
09/04/2021 16:56:00,254,"113,18"
12/04/2021 19:30:00,"256,54","113,75"
13/04/2021 16:56:00,"257,2","113,01"
14/04/2021 16:56:00,"254,29","114,4"
15/04/2021 16:56:00,"254,95","114,67"
16/04/2021 16:56:00,255,"115,6"
19/04/2021 16:56:00,"251,65","116,2"
20/04/2021 16:56:00,"249,8","116,46"
22/04/2021 16:56:00,"245,28","116,34"
23/04/2021 16:56:00,249,"115,48"
26/04/2021 16:56:00,"247,5","114,95"
27/04/2021 16:56:00,"248,5","115,97"
28/04/2021 16:56:00,244,"115,95"
29/04/2021 16:56:00,"244,5","114,78"
30/04/2021 16:56:00,247,"116,4"
03/05/2021 16:56:00,"247,39","115,32"
04/05/2021 16:56:00,"246,2","114,4"
05/05/2021 16:56:00,"242,5","114,68"
06/05/2021 16:56:00,"241,2","113,27"
07/05/2021 16:56:00,"240,36","115,15"
10/05/2021 16:56:00,"237,5","115,43"
11/05/2021 16:56:00,"235,9","117,46"
12/05/2021 16:56:00,235,"117,14"
13/05/2021 16:56:00,"236,35","118,13"
14/05/2021 16:56:00,239,"115,27"
17/05/2021 16:56:00,"238,9","116,04"
18/05/2021 16:56:00,"235,85","117,24"
19/05/2021 16:56:00,"237,5","118,31"
20/05/2021 16:56:00,238,"118,19"
21/05/2021 16:56:00,242,"118,01"
24/05/2021 16:56:00,"242,5","117,91"
25/05/2021 16:56:00,"242,43","118,01"
26/05/2021 16:56:00,"241,5","119,26"
27/05/2021 16:56:00,"240,6","118,4"
28/05/2021 16:56:00,"238,9","119,24"
31/05/2021 16:56:00,238,"119,59"
01/06/2021 16:56:00,"234,5","120,72"
02/06/2021 16:56:00,"232,9","121,25"
04/06/2021 16:56:00,"231,71","123,33"
07/06/2021 16:56:00,"231,46","124,67"
08/06/2021 16:56:00,"231,47","125,05"
09/06/2021 16:56:00,232,"125,75"
10/06/2021 16:56:00,"234,1","124,71"
11/06/2021 16:56:00,"237,4","124,88"
14/06/2021 16:56:00,"234,9","125,15"
15/06/2021 16:56:00,"232,9","124,48"
16/06/2021 16:56:00,"232,8","125,15"
17/06/2021 16:56:00,"230,2","125,18"
18/06/2021 16:56:00,"229,4","124,22"
21/06/2021 16:56:00,230,"123,09"
22/06/2021 16:56:00,"229,99","123,27"
23/06/2021 16:56:00,228,"124,23"
24/06/2021 16:56:00,"226,7","123,82"
25/06/2021 16:56:00,"228,6","123,54"
28/06/2021 16:56:00,"229,7","124,53"
29/06/2021 16:56:00,"229,7","122,5"
30/06/2021 16:56:00,"232,5","122,45"
01/07/2021 16:56:00,"236,2","122,31"
02/07/2021 16:56:00,"238,1","121,81"
05/07/2021 16:56:00,"239,2","120,73"
06/07/2021 16:56:00,"245,2","122,78"
07/07/2021 16:56:00,"248,95","121,97"
08/07/2021 16:56:00,247,"120,3"
12/07/2021 19:30:00,247,"122,28"
13/07/2021 16:56:00,"246,5","120,66"
14/07/2021 16:56:00,"242,21","122,78"
15/07/2021 16:56:00,"242,3","123,32"
16/07/2021 16:56:00,"241,4","123,47"
19/07/2021 16:56:00,"242,3","122,8"
20/07/2021 16:56:00,"246,39","121,15"
21/07/2021 16:56:00,"246,35","119,74"
22/07/2021 16:56:00,"248,87","120,6"
23/07/2021 16:56:00,"249,65","121,12"
26/07/2021 16:56:00,"248,98","121,43"
27/07/2021 16:56:00,"248,9","120,2"
28/07/2021 16:56:00,"244,67","121,2"
29/07/2021 16:56:00,"244,5","119,76"
30/07/2021 16:56:00,"250,35","121,45"
02/08/2021 16:56:00,249,"120,73"
03/08/2021 16:56:00,"249,8","117,11"
04/08/2021 16:56:00,"248,73","117,6"
05/08/2021 16:56:00,"251,3","118,73"
06/08/2021 16:56:00,"253,5","116,96"
09/08/2021 16:56:00,"252,73","116,93"
10/08/2021 16:56:00,"250,8","118,24"
11/08/2021 16:56:00,"253,1","118,14"
12/08/2021 19:30:00,"254,9","117,57"
13/08/2021 16:56:00,"254,89","117,26"
16/08/2021 16:56:00,257,"115,87"
17/08/2021 16:56:00,"254,55","116,56"
18/08/2021 16:56:00,"256,5","114,63"
19/08/2021 16:56:00,"260,39","113,35"
20/08/2021 16:56:00,"259,79","112,06"
23/08/2021 16:56:00,"263,09","112,85"
24/08/2021 16:56:00,"257,65","113,65"
25/08/2021 16:56:00,"254,7","113,05"
26/08/2021 16:56:00,"255,46","115,63"
27/08/2021 16:56:00,"255,45","116,14"
30/08/2021 16:56:00,256,"114,07"
31/08/2021 16:56:00,254,"116,18"
01/09/2021 16:56:00,"256,49","115,08"
02/09/2021 16:56:00,"255,2","114,08"
03/09/2021 16:56:00,"256,5","114,8"
06/09/2021 16:56:00,"256,25","112,15"
08/09/2021 16:56:00,"261,5","112,09"
09/09/2021 16:56:00,256,"113,48"
10/09/2021 16:56:00,256,"109,08"
13/09/2021 16:56:00,"252,85","111,51"
14/09/2021 16:56:00,254,"109,88"
15/09/2021 16:56:00,"255,65","112,12"
16/09/2021 16:56:00,"256,35","111,7"
17/09/2021 16:56:00,"254,52","110,68"
20/09/2021 16:56:00,"252,43","109,44"
21/09/2021 16:56:00,"249,92","107,14"
22/09/2021 16:56:00,"253,01","104,77"
23/09/2021 16:56:00,"257,2","105,77"
24/09/2021 16:56:00,259,"107,99"
27/09/2021 16:56:00,"259,4","109,6"
28/09/2021 16:56:00,"256,35","109,03"
29/09/2021 16:56:00,"256,82","108,89"
30/09/2021 16:56:00,255,"105,83"
01/10/2021 16:56:00,254,"106,83"
04/10/2021 16:56:00,"254,18","106,49"
05/10/2021 16:56:00,"258,7","108,49"
06/10/2021 16:56:00,"260,04","106,18"
07/10/2021 16:56:00,"263,7","106,12"
08/10/2021 16:56:00,"263,01","106,37"
11/10/2021 16:56:00,"263,55","106,42"
13/10/2021 16:56:00,"261,56","108,39"
14/10/2021 16:56:00,"265,72","107,75"
15/10/2021 16:56:00,266,"109,24"
18/10/2021 16:56:00,"269,8","108,97"
19/10/2021 16:56:00,"274,01","110,22"
20/10/2021 16:56:00,"274,99","109,95"
21/10/2021 16:56:00,280,"106,8"
22/10/2021 16:56:00,"278,88","106,4"
25/10/2021 16:56:00,"276,5","103,65"
26/10/2021 16:56:00,"277,98","102,33"
27/10/2021 16:56:00,"275,2","104,55"
28/10/2021 16:56:00,"281,9","102,25"
29/10/2021 16:56:00,283,"102,4"
01/11/2021 16:56:00,284,"100,61"
03/11/2021 16:56:00,"283,3","99,68"
04/11/2021 16:56:00,"285,9","101,52"
05/11/2021 16:56:00,"282,95",102
08/11/2021 16:56:00,"283,97","99,65"
09/11/2021 16:56:00,280,"100,81"
10/11/2021 16:56:00,"278,46","100,83"
11/11/2021 16:56:00,"273,9","101,39"
12/11/2021 19:30:00,"278,12","102,02"
16/11/2021 16:56:00,"281,01","103,55"
17/11/2021 16:56:00,"282,96","102,13"
18/11/2021 16:56:00,"284,68","100,36"
19/11/2021 19:30:00,"286,41","99,25"
22/11/2021 19:30:00,"285,69","98,65"
23/11/2021 19:30:00,"285,45","99,27"
24/11/2021 19:30:00,"286,21","98,24"
25/11/2021 19:30:00,"285,5",100
26/11/2021 19:30:00,"279,15","100,66"
29/11/2021 19:30:00,284,"101,99"
30/11/2021 18:00:00,"280,55","98,39"
01/12/2021 16:56:00,279,"99,01"
02/12/2021 16:56:00,281,"98,35"
03/12/2021 16:56:00,"279,1","97,09"
06/12/2021 16:56:00,"284,02","100,43"
07/12/2021 16:56:00,"287,09","101,32"
08/12/2021 16:56:00,284,103
09/12/2021 16:56:00,"283,12","103,63"
10/12/2021 16:56:00,"287,22","104,2"
13/12/2021 18:00:00,288,"102,14"
14/12/2021 18:00:00,"286,67","103,73"
15/12/2021 18:00:00,"290,88","103,5"
16/12/2021 18:00:00,"290,35","102,7"
17/12/2021 18:00:00,"286,74","103,2"
20/12/2021 18:00:00,"286,23","104,41"
21/12/2021 18:00:00,"291,3","103,1"
22/12/2021 18:00:00,"290,22",101
23/12/2021 18:00:00,"292,59","101,42"
27/12/2021 18:00:00,"294,56","101,43"
28/12/2021 18:00:00,"294,03","100,85"
29/12/2021 18:00:00,"297,75","101,6"
30/12/2021 18:00:00,"293,56","101,06"
03/01/2022 16:56:00,297,"100,25"
04/01/2022 16:56:00,"296,55","100,8"
05/01/2022 16:56:00,"293,6","99,93"
06/01/2022 16:56:00,"291,3","99,57"
07/01/2022 16:56:00,"287,95","97,1"
10/01/2022 16:56:00,288,"97,85"
11/01/2022 16:56:00,"286,9","98,7"
12/01/2022 16:56:00,"285,32","98,43"
13/01/2022 16:56:00,282,"100,1"
14/01/2022 16:56:00,"280,3","101,91"
17/01/2022 16:56:00,281,"101,55"
18/01/2022 16:56:00,"277,94","103,07"
19/01/2022 16:56:00,"269,8","102,58"
20/01/2022 16:56:00,"265,3","102,85"
21/01/2022 16:56:00,261,"104,05"
24/01/2022 16:56:00,"262,3","104,9"
25/01/2022 16:56:00,"258,8","104,7"
26/01/2022 16:56:00,"256,6","104,08"
27/01/2022 16:56:00,"254,05","106,33"
28/01/2022 16:56:00,"259,05","107,39"
31/01/2022 16:56:00,"260,4","108,2"
01/02/2022 16:56:00,"260,01","107,58"
02/02/2022 16:56:00,262,"107,98"
03/02/2022 16:56:00,"260,5","109,15"
04/02/2022 16:56:00,"260,2","107,69"
07/02/2022 16:56:00,"257,8","107,77"
08/02/2022 16:56:00,260,"108,02"
09/02/2022 16:56:00,262,"107,72"
10/02/2022 16:56:00,258,"108,23"
11/02/2022 16:56:00,253,"108,23"
14/02/2022 16:56:00,250,"109,1"
15/02/2022 16:56:00,"251,4","109,31"
16/02/2022 16:56:00,"249,74","109,52"
17/02/2022 16:56:00,"246,71","110,6"
18/02/2022 16:56:00,"243,4","110,77"
21/02/2022 16:56:00,"237,5","109,1"
22/02/2022 16:56:00,"236,4","108,51"
23/02/2022 16:56:00,232,"107,45"
24/02/2022 16:56:00,238,109
25/02/2022 16:56:00,"245,5","107,58"
02/03/2022 16:56:00,"243,6","107,48"
03/03/2022 16:56:00,"239,4","108,9"
04/03/2022 16:56:00,"239,1","111,1"
07/03/2022 16:56:00,234,"111,02"
08/03/2022 16:56:00,"230,4","110,4"
09/03/2022 16:56:00,234,"107,11"
10/03/2022 16:56:00,"233,4","107,29"
11/03/2022 16:56:00,"233,35","109,78"
14/03/2022 16:56:00,"234,4","109,4"
15/03/2022 16:56:00,"240,15","107,7"
16/03/2022 16:56:00,243,"106,04"
17/03/2022 16:56:00,"242,6","104,9"
18/03/2022 16:56:00,"244,5","107,14"
21/03/2022 16:56:00,"241,35","108,83"
22/03/2022 16:56:00,"242,65","110,73"
23/03/2022 16:56:00,"235,8","111,94"
24/03/2022 16:56:00,"237,5","113,1"
25/03/2022 16:56:00,"235,45","112,9"
28/03/2022 16:56:00,"238,3","114,74"
29/03/2022 16:56:00,"240,65","114,75"
30/03/2022 16:56:00,"240,56","114,51"
31/03/2022 16:56:00,"235,65","115,75"
01/04/2022 16:56:00,"231,99","115,9"
04/04/2022 16:56:00,"230,88","115,6"
05/04/2022 16:56:00,"230,5","117,2"
06/04/2022 16:56:00,"231,5","116,8"
07/04/2022 16:56:00,233,"114,51"
08/04/2022 16:56:00,"231,03","113,87"
11/04/2022 16:56:00,"226,1","114,65"
12/04/2022 16:56:00,"224,5","113,98"
13/04/2022 16:56:00,"227,4","112,57"
14/04/2022 16:56:00,"225,2","111,77"
18/04/2022 16:56:00,"223,51","112,52"
19/04/2022 16:56:00,"227,15","111,65"
20/04/2022 16:56:00,"225,5","111,46"
22/04/2022 16:56:00,224,"110,92"
25/04/2022 16:56:00,"228,47","110,05"
26/04/2022 16:56:00,"227,4","106,75"
27/04/2022 16:56:00,227,"106,76"
28/04/2022 16:56:00,232,"104,28"
29/04/2022 16:56:00,"224,1","105,52"
02/05/2022 16:56:00,"230,2","105,86"
03/05/2022 16:56:00,"226,75","103,4"
04/05/2022 16:56:00,231,"102,72"
05/05/2022 16:56:00,228,"102,72"
06/05/2022 16:56:00,"229,15","104,38"
09/05/2022 16:56:00,225,"101,5"
10/05/2022 16:56:00,"224,5","101,23"
11/05/2022 16:56:00,"221,75","99,68"
12/05/2022 16:56:00,"220,62","99,24"
13/05/2022 16:56:00,"222,25","100,64"
16/05/2022 16:56:00,"221,94","102,04"
17/05/2022 16:56:00,"221,86","103,29"
18/05/2022 16:56:00,214,"104,4"
19/05/2022 16:56:00,211,"104,9"
20/05/2022 16:56:00,"208,89","102,21"
23/05/2022 16:56:00,"209,69","103,08"
24/05/2022 16:56:00,"209,95","104,66"
25/05/2022 16:56:00,"210,2","106,76"
26/05/2022 16:56:00,"211,75","106,64"
27/05/2022 16:56:00,216,"106,66"
30/05/2022 16:56:00,"216,39","108,02"
31/05/2022 16:56:00,"214,5","107,9"
01/06/2022 16:56:00,"216,25","106,92"
02/06/2022 16:56:00,"219,35","107,18"
03/06/2022 16:56:00,"215,35","107,47"
06/06/2022 16:56:00,"216,75","108,43"
07/06/2022 16:56:00,222,"107,48"
08/06/2022 16:56:00,"220,9","106,42"
09/06/2022 16:56:00,218,"106,15"
10/06/2022 16:56:00,"212,75","104,6"
13/06/2022 16:56:00,210,"103,68"
14/06/2022 16:56:00,"209,75","101,82"
15/06/2022 16:56:00,209,"99,12"
17/06/2022 16:56:00,"207,5","98,36"
20/06/2022 16:56:00,211,"99,38"
21/06/2022 16:56:00,"212,5","96,21"
22/06/2022 16:56:00,"213,55","96,29"
23/06/2022 16:56:00,"217,65","96,4"
24/06/2022 16:56:00,"225,5","96,03"
27/06/2022 16:56:00,"223,7","94,66"
28/06/2022 16:56:00,"220,5","95,47"
29/06/2022 16:56:00,"217,5","97,35"
30/06/2022 16:56:00,"216,7","97,05"
01/07/2022 16:56:00,227,96
04/07/2022 16:56:00,"222,99",95
05/07/2022 16:56:00,"226,5","95,63"
06/07/2022 16:56:00,"228,16","95,2"
07/07/2022 16:56:00,"228,55","94,8"
08/07/2022 16:56:00,"225,2","95,42"
11/07/2022 16:56:00,227,"97,38"
12/07/2022 16:56:00,"227,85","96,88"
13/07/2022 16:56:00,"225,24","94,8"
14/07/2022 16:56:00,"225,75","94,9"
15/07/2022 16:56:00,"228,85","94,51"
18/07/2022 16:56:00,"228,5","92,55"
19/07/2022 16:56:00,"233,9","93,27"
20/07/2022 16:56:00,"237,15","93,37"
21/07/2022 16:56:00,"240,13","94,7"
22/07/2022 16:56:00,"238,84","94,95"
25/07/2022 16:56:00,"233,75","95,35"
26/07/2022 16:56:00,"230,5","95,42"
27/07/2022 16:56:00,"231,65","96,75"
28/07/2022 16:56:00,"230,8","96,15"
29/07/2022 16:56:00,"234,5","97,83"
01/08/2022 16:56:00,"233,95","99,1"
02/08/2022 16:56:00,237,"99,3"
03/08/2022 16:56:00,"240,55","98,56"
04/08/2022 16:56:00,"237,7","99,53"
05/08/2022 16:56:00,235,"100,2"
08/08/2022 16:56:00,"232,19","102,48"
09/08/2022 16:56:00,"232,57","102,74"
10/08/2022 16:56:00,"234,89","104,8"
11/08/2022 16:56:00,"238,79","105,05"
12/08/2022 16:56:00,"238,34","106,56"
15/08/2022 16:56:00,241,"105,88"
16/08/2022 16:56:00,"243,19","108,64"
17/08/2022 16:56:00,"242,55","108,97"
18/08/2022 16:56:00,"243,5","109,76"
19/08/2022 16:56:00,"240,15","109,99"
22/08/2022 16:56:00,"235,1","109,94"
23/08/2022 16:56:00,"231,41","107,53"
24/08/2022 16:56:00,"232,7","106,73"
25/08/2022 16:56:00,"235,51","109,1"
26/08/2022 16:56:00,226,"109,18"
29/08/2022 16:56:00,223,"109,6"
30/08/2022 16:56:00,"223,85","108,36"
31/08/2022 16:56:00,226,"108,4"
01/09/2022 16:56:00,"228,35","106,4"
02/09/2022 16:56:00,"223,55","105,83"
05/09/2022 16:56:00,223,"106,59"
06/09/2022 16:56:00,225,"107,09"
08/09/2022 16:56:00,"229,5","108,45"
09/09/2022 16:56:00,"230,2","105,95"
12/09/2022 16:56:00,"230,5","106,18"
13/09/2022 16:56:00,"224,5","108,4"
14/09/2022 16:56:00,"224,75","109,55"
15/09/2022 16:56:00,225,"106,98"
16/09/2022 16:56:00,"224,25","106,75"
19/09/2022 16:56:00,"221,25","106,11"
20/09/2022 16:56:00,"218,25","105,6"
21/09/2022 16:56:00,"215,35","108,22"
22/09/2022 16:56:00,"211,9","108,85"
23/09/2022 16:56:00,"213,75","108,16"
26/09/2022 16:56:00,"216,35","110,13"
27/09/2022 16:56:00,"215,55","107,84"
28/09/2022 16:56:00,219,"105,13"
29/09/2022 16:56:00,"215,98","104,68"
30/09/2022 16:56:00,"213,5","104,82"
03/10/2022 16:56:00,"209,14","103,8"
04/10/2022 16:56:00,"215,4","106,46"
05/10/2022 16:56:00,"215,5","112,4"
06/10/2022 16:56:00,"214,75","112,35"
07/10/2022 16:56:00,"208,7","113,32"
10/10/2022 16:56:00,"206,3","113,47"
11/10/2022 16:56:00,"208,6","112,78"
13/10/2022 16:56:00,213,"112,08"
14/10/2022 16:56:00,"209,9","110,89"
17/10/2022 16:56:00,"214,15","110,26"
18/10/2022 16:56:00,"215,5","108,22"
19/10/2022 16:56:00,"214,4","109,9"
20/10/2022 16:56:00,210,"111,94"
21/10/2022 16:56:00,213,"112,35"
24/10/2022 16:56:00,"221,55","112,9"
25/10/2022 16:56:00,"225,7","116,43"
26/10/2022 16:56:00,"226,7","112,14"
27/10/2022 16:56:00,"222,9","110,48"
28/10/2022 16:56:00,"226,9","108,78"
31/10/2022 16:56:00,"220,24",110
01/11/2022 16:56:00,"217,35",113
03/11/2022 16:56:00,"209,65","112,15"
04/11/2022 16:56:00,"209,85","112,81"
07/11/2022 16:56:00,"216,75","113,1"
08/11/2022 16:56:00,"217,25",114
09/11/2022 16:56:00,215,"111,22"
10/11/2022 16:56:00,"233,75","112,3"
11/11/2022 16:56:00,"234,42","109,75"
14/11/2022 16:56:00,"232,25","106,1"
16/11/2022 16:56:00,"235,3","108,55"
17/11/2022 16:56:00,"235,3","109,24"
18/11/2022 16:56:00,235,"106,04"
21/11/2022 16:56:00,"231,4","105,69"
22/11/2022 16:56:00,"236,9","104,85"
23/11/2022 16:56:00,"237,75","106,08"
24/11/2022 16:56:00,"239,48","105,07"
25/11/2022 16:56:00,240,"105,24"
28/11/2022 16:56:00,"234,7","108,2"
29/11/2022 16:56:00,230,"105,07"
30/11/2022 16:56:00,"233,25","105,15"
01/12/2022 16:56:00,"233,5","107,29"
02/12/2022 16:56:00,"234,45","108,58"
05/12/2022 16:56:00,233,"107,06"
06/12/2022 16:56:00,"227,5","107,95"
07/12/2022 16:56:00,"225,9","105,63"
08/12/2022 16:56:00,228,"106,74"
09/12/2022 16:56:00,"227,45","105,59"
12/12/2022 16:56:00,"232,69","103,57"
13/12/2022 16:56:00,"233,95","103,9"
14/12/2022 16:56:00,"232,69","101,8"
15/12/2022 16:56:00,"227,9","100,3"
16/12/2022 16:56:00,"224,84","100,7"
19/12/2022 16:56:00,"222,63","100,5"
20/12/2022 16:56:00,"218,88","99,4"
21/12/2022 16:56:00,"222,06","101,37"
22/12/2022 16:56:00,220,"103,55"
23/12/2022 16:56:00,"218,6","103,87"
26/12/2022 16:56:00,219,"103,93"
27/12/2022 16:56:00,"222,2",106
28/12/2022 16:56:00,220,"105,15"
29/12/2022 16:56:00,225,"104,9"
02/01/2023 16:56:00,"227,5","106,8"
03/01/2023 16:56:00,"230,5","105,95"
04/01/2023 16:56:00,232,"102,63"
05/01/2023 16:56:00,"224,88","100,48"
06/01/2023 16:56:00,"224,5","101,92"
09/01/2023 16:56:00,"225,45","104,27"
10/01/2023 16:56:00,"225,5","105,5"
11/01/2023 16:56:00,"226,2","105,35"
12/01/2023 16:56:00,"224,25","107,18"
13/01/2023 16:56:00,"224,85","109,1"
16/01/2023 16:56:00,228,"108,26"
17/01/2023 16:56:00,225,"107,35"
18/01/2023 16:56:00,"224,5","105,47"
19/01/2023 16:56:00,"222,5","107,8"
23/01/2023 16:56:00,"230,55","108,33"
24/01/2023 16:56:00,"227,6","109,11"
25/01/2023 16:56:00,"224,7","108,45"
26/01/2023 16:56:00,"226,95","107,9"
27/01/2023 16:56:00,"229,56","109,43"
30/01/2023 16:56:00,227,"110,65"
31/01/2023 16:56:00,"228,2","110,42"
01/02/2023 16:56:00,230,"108,4"
02/02/2023 16:56:00,"231,42","108,7"
03/02/2023 16:56:00,239,"109,84"
06/02/2023 16:56:00,"233,1","108,4"
07/02/2023 16:56:00,"239,42","106,3"
08/02/2023 16:56:00,"235,7","104,87"
09/02/2023 16:56:00,236,"105,25"
10/02/2023 16:56:00,231,"104,1"
13/02/2023 16:56:00,"235,5","106,34"
14/02/2023 16:56:00,"236,5","104,44"
15/02/2023 16:56:00,240,"104,75"
16/02/2023 16:56:00,"235,45","105,47"
17/02/2023 16:56:00,233,"104,43"
22/02/2023 16:56:00,228,"106,05"
23/02/2023 16:56:00,228,"106,5"
24/02/2023 16:56:00,229,"105,56"
27/02/2023 16:56:00,"229,09","103,6"
28/02/2023 16:56:00,"229,3","104,15"
01/03/2023 16:56:00,"226,55","102,38"
02/03/2023 16:56:00,"228,51","102,29"
03/03/2023 16:56:00,"232,62","101,15"
06/03/2023 16:56:00,"231,5","101,2"
07/03/2023 16:56:00,"229,4","99,94"
08/03/2023 16:56:00,"226,95","100,42"
09/03/2023 16:56:00,"223,6","101,47"
10/03/2023 16:56:00,223,"100,9"
13/03/2023 16:56:00,"224,78","103,22"
14/03/2023 16:56:00,"227,5","101,56"
15/03/2023 16:56:00,"227,7","100,21"
16/03/2023 16:56:00,"229,72","99,78"
17/03/2023 16:56:00,226,"99,58"
20/03/2023 16:56:00,"229,25","99,39"
21/03/2023 16:56:00,"232,1",100
22/03/2023 16:56:00,"227,71","98,72"
23/03/2023 16:56:00,"230,5","97,7"
24/03/2023 16:56:00,"230,61","97,93"
27/03/2023 16:56:00,"228,7","97,03"
28/03/2023 16:56:00,"226,55","94,58"
29/03/2023 16:56:00,"227,88","95,86"
30/03/2023 16:56:00,"227,8","96,54"
31/03/2023 16:56:00,"229,75","98,03"
03/04/2023 16:56:00,"230,7","98,55"
04/04/2023 16:56:00,"229,78","100,47"
05/04/2023 16:56:00,"227,65","98,49"
06/04/2023 16:56:00,"228,01","98,3"
10/04/2023 16:56:00,229,"98,51"
11/04/2023 16:56:00,"226,65","97,63"
12/04/2023 16:56:00,"222,45","97,59"
13/04/2023 16:56:00,225,"98,66"
14/04/2023 16:56:00,224,"102,91"
17/04/2023 16:56:00,"226,11","103,35"
18/04/2023 16:56:00,"227,75","102,93"
19/04/2023 16:56:00,233,"103,04"
20/04/2023 16:56:00,"230,67","102,71"
24/04/2023 16:56:00,"230,5","102,7"
25/04/2023 16:56:00,"228,49","100,48"
26/04/2023 16:56:00,227,101
27/04/2023 16:56:00,"227,5","100,62"
28/04/2023 16:56:00,"229,75","99,92"
02/05/2023 16:56:00,"229,6","99,01"
03/05/2023 16:56:00,"225,59","99,53"
04/05/2023 16:56:00,"223,7","100,9"
05/05/2023 16:56:00,"225,6","98,49"
08/05/2023 16:56:00,"228,9","98,6"
09/05/2023 16:56:00,"226,95","98,95"
10/05/2023 16:56:00,"225,7","101,91"
11/05/2023 16:56:00,225,"102,49"
12/05/2023 16:56:00,224,"103,8"
15/05/2023 16:56:00,"223,5","103,97"
16/05/2023 16:56:00,"224,5","104,82"
17/05/2023 16:56:00,"226,7","105,05"
18/05/2023 16:56:00,"230,53","105,47"
19/05/2023 16:56:00,"231,49","104,63"
22/05/2023 16:56:00,"230,3","106,01"
23/05/2023 16:56:00,"227,8","106,75"
24/05/2023 16:56:00,"225,32","107,16"
25/05/2023 16:56:00,231,"106,55"
26/05/2023 16:56:00,"231,6","106,44"
29/05/2023 16:56:00,"233,39","105,27"
30/05/2023 16:56:00,234,"106,55"
31/05/2023 16:56:00,"233,25","107,51"
01/06/2023 16:56:00,"233,4","106,77"
02/06/2023 16:56:00,234,"105,38"
05/06/2023 16:56:00,"232,55","104,84"
06/06/2023 16:56:00,"232,49","107,2"
07/06/2023 16:56:00,"231,85","109,02"
09/06/2023 16:56:00,"231,44","109,14"
12/06/2023 16:56:00,"232,71","111,07"
13/06/2023 16:56:00,"234,1","111,78"
14/06/2023 16:56:00,232,"113,21"
15/06/2023 16:56:00,235,"113,64"
16/06/2023 16:56:00,235,"112,94"
19/06/2023 16:56:00,"232,9","115,11"
20/06/2023 16:56:00,"232,2","115,4"
21/06/2023 16:56:00,"230,07","114,9"
22/06/2023 16:56:00,"231,1","116,13"
23/06/2023 16:56:00,"229,45","115,82"
26/06/2023 16:56:00,228,"116,27"
27/06/2023 16:56:00,"232,02","115,26"
28/06/2023 16:56:00,"234,74","115,31"
29/06/2023 16:56:00,235,"114,42"
30/06/2023 16:56:00,"235,25","113,77"
03/07/2023 16:56:00,"236,98","113,03"
04/07/2023 16:56:00,"238,1","114,91"
05/07/2023 16:56:00,"238,29","114,17"
06/07/2023 16:56:00,"240,9","115,94"
07/07/2023 16:56:00,"237,5","115,24"
10/07/2023 16:56:00,"238,66","115,84"
11/07/2023 16:56:00,"238,6","113,64"
12/07/2023 16:56:00,"238,65","115,19"
13/07/2023 16:56:00,"239,1","114,1"
14/07/2023 16:56:00,"238,85","113,8"
17/07/2023 16:56:00,"240,37","113,83"
18/07/2023 16:56:00,"242,4","115,58"
19/07/2023 16:56:00,"241,77","113,96"
20/07/2023 16:56:00,"241,13","114,71"
21/07/2023 16:56:00,"239,89","113,95"
24/07/2023 16:56:00,"238,8","113,75"
25/07/2023 16:56:00,"240,6","114,34"
26/07/2023 16:56:00,"239,45","116,4"
27/07/2023 16:56:00,"238,95","117,57"
28/07/2023 16:56:00,"240,2","117,98"
31/07/2023 16:56:00,"239,82","118,74"
01/08/2023 16:56:00,"242,65","116,04"
02/08/2023 16:56:00,"240,2","116,52"
03/08/2023 16:56:00,"244,75","117,95"
04/08/2023 16:56:00,"241,7","117,52"
07/08/2023 16:56:00,"244,99","117,01"
08/08/2023 16:56:00,"243,95","116,71"
09/08/2023 16:56:00,243,"115,66"
10/08/2023 16:56:00,"241,53","115,61"
11/08/2023 16:56:00,"242,75","115,27"
14/08/2023 16:56:00,"246,7","114,7"
15/08/2023 16:56:00,"245,25","114,51"
16/08/2023 16:56:00,"242,99","114,25"
17/08/2023 16:56:00,"241,2","113,31"
18/08/2023 16:56:00,"240,68","112,37"
21/08/2023 16:56:00,"242,7","111,87"
22/08/2023 16:56:00,"240,19","111,36"
23/08/2023 16:56:00,"238,65","111,7"
24/08/2023 16:56:00,"236,8","110,79"
25/08/2023 16:56:00,"238,35","112,41"
28/08/2023 16:56:00,"239,74","114,3"
29/08/2023 16:56:00,"241,85","113,3"
30/08/2023 16:56:00,"243,85","112,15"
31/08/2023 16:56:00,"247,65","113,5"
01/09/2023 16:56:00,"246,8","114,62"
04/09/2023 16:56:00,"246,94","113,9"
05/09/2023 16:56:00,"248,1","112,31"
06/09/2023 16:56:00,"246,46","114,05"
08/09/2023 16:56:00,"246,35","114,14"
11/09/2023 16:56:00,"244,9","113,62"
12/09/2023 16:56:00,"245,35","112,25"
13/09/2023 16:56:00,"243,1","111,66"
14/09/2023 16:56:00,"243,5","113,48"
15/09/2023 16:56:00,"240,75","114,22"
18/09/2023 16:56:00,"239,9","114,46"
19/09/2023 16:56:00,"239,8","115,59"
20/09/2023 16:56:00,"238,33","114,92"
21/09/2023 16:56:00,"236,55","114,65"
22/09/2023 16:56:00,"236,52","114,1"
25/09/2023 16:56:00,"239,2","115,03"
26/09/2023 16:56:00,"235,95","112,6"
27/09/2023 16:56:00,"239,15","112,61"
28/09/2023 16:56:00,"239,49","112,57"
29/09/2023 16:56:00,"238,79","110,65"
02/10/2023 16:56:00,"240,8","110,7"
03/10/2023 16:56:00,"241,65","112,18"
04/10/2023 16:56:00,"243,54","113,15"
05/10/2023 16:56:00,"243,8","111,49"
06/10/2023 16:56:00,"246,7","109,82"
09/10/2023 16:56:00,"246,7","110,18"
10/10/2023 16:56:00,"244,29","109,75"
11/10/2023 16:56:00,"245,3","110,66"
13/10/2023 16:56:00,"244,05","111,74"
16/10/2023 16:56:00,"244,2","113,13"
17/10/2023 16:56:00,"244,1","113,5"
18/10/2023 16:56:00,"242,09","112,06"
19/10/2023 16:56:00,"239,59","112,94"
20/10/2023 16:56:00,"235,16","112,34"
23/10/2023 16:56:00,"234,6","110,37"
24/10/2023 16:56:00,"235,25","110,6"
25/10/2023 16:56:00,"232,2","109,5"
26/10/2023 16:56:00,229,"109,35"
27/10/2023 16:56:00,"228,99","110,24"
30/10/2023 16:56:00,"233,02","109,35"
31/10/2023 16:56:00,234,"111,4"
01/11/2023 16:56:00,"233,4","109,85"
03/11/2023 16:56:00,"236,98","108,96"
06/11/2023 16:56:00,"236,25","109,62"
07/11/2023 16:56:00,"236,78","111,56"
08/11/2023 16:56:00,"238,2","114,75"
09/11/2023 16:56:00,"237,95","114,81"
10/11/2023 16:56:00,"240,15","115,67"
13/11/2023 16:56:00,"240,4","115,52"
14/11/2023 16:56:00,"242,75","115,18"
16/11/2023 16:56:00,"243,65","117,01"
17/11/2023 16:56:00,"245,85","116,82"
20/11/2023 16:56:00,"244,7","119,61"
21/11/2023 16:56:00,"246,17","120,96"
22/11/2023 16:56:00,"247,95","121,21"
23/11/2023 16:56:00,"247,5","122,25"
24/11/2023 16:56:00,"248,1","121,76"
27/11/2023 16:56:00,247,"122,15"
28/11/2023 16:56:00,"246,01","122,83"
29/11/2023 16:56:00,"247,5","121,66"
30/11/2023 16:56:00,"249,7","121,94"
01/12/2023 16:56:00,"248,9","122,72"
04/12/2023 16:56:00,"250,85","122,27"
05/12/2023 16:56:00,"249,75","123,57"
06/12/2023 16:56:00,"247,7","124,12"
07/12/2023 16:56:00,"249,5","122,96"
08/12/2023 16:56:00,"251,85","123,01"
11/12/2023 16:56:00,"253,25","121,72"
12/12/2023 16:56:00,"255,9","122,29"
13/12/2023 16:56:00,257,"123,31"
14/12/2023 16:56:00,"257,5","123,11"
15/12/2023 16:56:00,"259,05","122,6"
18/12/2023 16:56:00,"257,8","126,12"
19/12/2023 16:56:00,"257,2","126,88"
20/12/2023 16:56:00,"256,2","126,28"
21/12/2023 16:56:00,"256,8","127,27"
22/12/2023 16:56:00,"256,25","128,05"
26/12/2023 16:56:00,"256,15","126,82"
27/12/2023 16:56:00,"256,21","128,35"
28/12/2023 16:56:00,"257,61","128,94"